bioguideid,congress,introduceddate,actiondate,text,number,policyArea name,title,type,url
l000506,96,1980-11-12,1980-11-12,Referred to House Committee on Interior and Insular Affairs.,8321,,"A bill to provide for a study of the suitability and feasibility of designating the Vietnam Veterans Chapel, Eagle Nest, New Mexico, as a national memorial to the Vietnam veterans.",HR,https://api.congress.gov/v3/bill/96/hr/8321?format=json
l000506,96,1980-10-02,1980-12-19,Public Law 96-550.,8298,,New Mexico Wilderness Act of 1980,HR,https://api.congress.gov/v3/bill/96/hr/8298?format=json
l000506,96,1980-08-27,1980-08-27,Referred to House Committee on Interior and Insular Affairs.,8045,,"A bill to authorize and direct the Secretary of the Interior to reinstate oil and gas leases Idaho 016790, Idaho 016791, Idaho 016792, Idaho 016793, Idaho 016813 and Idaho 017371.",HR,https://api.congress.gov/v3/bill/96/hr/8045?format=json
l000506,96,1980-06-25,1980-06-25,Referred to House Committee on Foreign Affairs.,7662,,A bill to establish certain fines to be imposed on any foreign government which holds hostage any citizen or employee of the United States.,HR,https://api.congress.gov/v3/bill/96/hr/7662?format=json
l000506,96,1980-05-21,1980-05-21,Referred to House Committee on House Administration.,7416,,"A bill to provide funds for the operation and maintenance of the Vietnam Veterans Peace and Brotherhood Chapel near Eagles Nest, New Mexico.",HR,https://api.congress.gov/v3/bill/96/hr/7416?format=json
l000506,96,1980-04-23,1980-04-23,Referred to House Committee on Interior and Insular Affairs.,7146,,A bill to establish a program for the leasing of Federal lands to certain non-Federal governmental units for use as shooting ranges.,HR,https://api.congress.gov/v3/bill/96/hr/7146?format=json
l000506,96,1980-04-01,1980-04-01,Referred to House Committee on Interior and Insular Affairs.,6992,,"A bill to amend the Atomic Energy Act of 1954, as amended, by establishing a Uranium Enrichment Fund within the Department of Energy, and for other purposes.",HR,https://api.congress.gov/v3/bill/96/hr/6992?format=json
l000506,96,1980-03-11,1980-03-11,Referred to House Committee on Interior and Insular Affairs.,6773,,"A bill to authorize the establishment of the Georgia O'Keeffe National Historic Site, and for other purposes.",HR,https://api.congress.gov/v3/bill/96/hr/6773?format=json
l000506,96,1980-03-05,1980-03-05,Referred to House Committee on Interior and Insular Affairs.,6720,,A bill to quiet title of property in Albert and Eulia Rodriquez.,HR,https://api.congress.gov/v3/bill/96/hr/6720?format=json
l000506,96,1979-12-20,1979-12-20,Referred to House Committee on Interstate and Foreign Commerce.,6212,,"A bill to amend the Atomic Energy Act of 1954 to require each State to provide for the disposal of low-level radioactive waste generated within that State, to authorize States to enter into agreements or compacts with other States for the establishment of regional disposal sites for low-level radioactive waste, and to provide financial assistance to the States in which such sites are located, and for other purposes.",HR,https://api.congress.gov/v3/bill/96/hr/6212?format=json
l000506,96,1979-12-20,1980-12-12,Public Law 96-521.,6211,,A bill to authorize the Secretary of the Interior to issue certain patents under the Color of Title Act.,HR,https://api.congress.gov/v3/bill/96/hr/6211?format=json
l000506,96,1979-12-18,1979-12-18,Referred to House Committee on Education and Labor.,6170,,A bill to amend the Higher Education Act of 1965 to authorize the garnishment of wages of Federal employees for the collection of student loans.,HR,https://api.congress.gov/v3/bill/96/hr/6170?format=json
l000506,96,1979-11-27,1979-11-27,Referred to House Committee on Interior and Insular Affairs.,5962,,"A bill to establish the Salinas National Monument in the State of New Mexico, and for other purposes.",HR,https://api.congress.gov/v3/bill/96/hr/5962?format=json
l000506,96,1979-11-27,1979-11-27,Referred to House Committee on Interior and Insular Affairs.,5963,,San Joaquin del Canon del Rio de Chama Grant Commission Act,HR,https://api.congress.gov/v3/bill/96/hr/5963?format=json
l000506,96,1979-11-07,1979-11-07,Referred to House Committee on the Judiciary.,5830,,"A bill for the relief of Ken Schultz Buick/GMC, Inc.",HR,https://api.congress.gov/v3/bill/96/hr/5830?format=json
l000506,96,1979-10-16,1979-10-16,Referred to House Committee on Public Works and Transportation.,5603,,A bill to change the name of the Los Esteros Dam (New Mexico) to the Santa Rosa Dam.,HR,https://api.congress.gov/v3/bill/96/hr/5603?format=json
l000506,96,1979-09-12,1980-06-28,Public Law 96-292.,5259,,"An act to name a certain Federal building in Santa Fe, New Mexico, the ""Joseph M. Montoya Federal Building and U.S. Courthouse"".",HR,https://api.congress.gov/v3/bill/96/hr/5259?format=json
l000506,96,1979-09-05,1979-09-05,Referred to House Committee on Science and Technology.,5186,,Energy Development and Demonstration Corporation Act,HR,https://api.congress.gov/v3/bill/96/hr/5186?format=json
l000506,96,1979-09-05,1979-09-05,Referred to House Committee on Ways and Means.,5185,,A bill to amend the Internal Revenue Code of 1954 to increase the amount of certain employees' death benefits which may be excluded from gross income.,HR,https://api.congress.gov/v3/bill/96/hr/5185?format=json
l000506,96,1979-07-24,1979-07-24,Referred to House Committee on Interstate and Foreign Commerce.,4936,,Priority Energy Project Act of 1979,HR,https://api.congress.gov/v3/bill/96/hr/4936?format=json
l000506,96,1979-06-15,1979-06-15,Referred to House Committee on the Judiciary.,4501,,"A bill for the relief of the lessee and sublessees of land which was the subject of a lease disapproved by the United States, and for the relief of certain suppliers of materials or labor for improvements on such land.",HR,https://api.congress.gov/v3/bill/96/hr/4501?format=json
l000506,96,1979-06-06,1979-06-06,Referred to House Committee on Ways and Means.,4346,,Tuition Advance Fund Act,HR,https://api.congress.gov/v3/bill/96/hr/4346?format=json
l000506,96,1979-06-05,1979-06-05,Referred to House Committee on Ways and Means.,4323,,New Energy Source Tax Incentive Act of 1979,HR,https://api.congress.gov/v3/bill/96/hr/4323?format=json
l000506,96,1979-06-05,1979-06-05,Referred to House Committee on Ways and Means.,4322,,A bill to amend the Internal Revenue Code of 1954 to allow the deduction for depletion to the purchaser of the waste or residue of uranium mining or of the rights to extract ores or minerals from such waste or residue.,HR,https://api.congress.gov/v3/bill/96/hr/4322?format=json
l000506,96,1979-06-05,1979-06-05,Referred to House Committee on Agriculture.,4324,,A bill to provide for the availability of timber and other forest products in wilderness areas to individuals exclusively for use as firewood in their personal residences.,HR,https://api.congress.gov/v3/bill/96/hr/4324?format=json
l000506,96,1979-05-03,1980-05-23,Public Law 96-248.,3928,,"A bill to amend the Act of November 8, 1978 (92 Stat. 3095) to designate certain Cibola National Forest lands as additions to the Sandia Mountain Wilderness, New Mexico.",HR,https://api.congress.gov/v3/bill/96/hr/3928?format=json
l000506,96,1979-03-27,1979-03-27,Referred to House Committee on Ways and Means.,3251,,"A bill to amend the Internal Revenue Code of 1954 to increase the unified estate tax credit so that estates under $1,000,000, will not be subject to estate tax, and to make a similar increase in the unified gift tax credit.",HR,https://api.congress.gov/v3/bill/96/hr/3251?format=json
l000506,96,1979-03-22,1979-03-22,Referred to House Committee on Ways and Means.,3192,,A bill to amend the Internal Revenue Code of 1954 to exclude life insurance proceeds from the gross estate for purposes of the Federal estate tax.,HR,https://api.congress.gov/v3/bill/96/hr/3192?format=json
l000506,96,1979-03-22,1979-03-22,Referred to House Committee on Ways and Means.,3191,,"A bill to exclude from gross income the first $1,000 of interest received from savings account deposits in home lending institutions.",HR,https://api.congress.gov/v3/bill/96/hr/3191?format=json
l000506,96,1979-03-08,1979-03-08,Referred to House Committee on Post Office and Civil Service.,2756,,"A bill to credit certain service performed by National Guard technicians prior to January 1, 1969, as Federal employment for the purpose of civil service retirement benefits.",HR,https://api.congress.gov/v3/bill/96/hr/2756?format=json
l000506,96,1979-02-26,1979-02-26,Referred to House Committee on the Judiciary.,2438,,A bill for the relief of Julio Antonio Morales-Flores.,HR,https://api.congress.gov/v3/bill/96/hr/2438?format=json
l000506,96,1979-02-26,1979-02-26,Referred to House Committee on Public Works and Transportation.,2397,,"A bill to amend section 154 of title 23, United States Code, to authorize a speed limit of seventy miles an hour in certain States.",HR,https://api.congress.gov/v3/bill/96/hr/2397?format=json
l000506,96,1979-01-31,1979-01-31,Referred to House Committee on the Judiciary.,1763,,"A bill for the relief of Los Alamos Developers, Inc.",HR,https://api.congress.gov/v3/bill/96/hr/1763?format=json
l000506,96,1979-01-31,1980-11-26,Private Law 96-65.,1762,,"A bill to convey all interests of the United States in certain real property in Sandoval County, New Mexico, to Walter Hernandez.",HR,https://api.congress.gov/v3/bill/96/hr/1762?format=json
l000506,96,1979-01-31,1979-01-31,Referred to House Committee on the Judiciary.,1765,,A bill for the relief of Sammy H. Marr.,HR,https://api.congress.gov/v3/bill/96/hr/1765?format=json
l000506,96,1979-01-31,1979-01-31,Referred to House Committee on the Judiciary.,1764,,A bill for the relief of the heirs of Demetrio Madrid.,HR,https://api.congress.gov/v3/bill/96/hr/1764?format=json
l000506,96,1979-01-31,1979-01-31,Referred to House Committee on Ways and Means.,1703,,A bill to amend the Internal Revenue Code of 1954 to repeal the estate and gift taxes and the tax on generation-skipping transfers.,HR,https://api.congress.gov/v3/bill/96/hr/1703?format=json
l000506,96,1979-01-31,1979-01-31,Referred to House Committee on Ways and Means.,1707,,Alcohol Fuel Encouragement Act of 1979,HR,https://api.congress.gov/v3/bill/96/hr/1707?format=json
l000506,96,1979-01-31,1979-01-31,Referred to House Committee on Public Works and Transportation.,1709,,"A bill to prohibit the excessing of cabin sites and removal of cabins located at Conchas Lake, New Mexico prior to 1996 without State approval.",HR,https://api.congress.gov/v3/bill/96/hr/1709?format=json
l000506,96,1979-01-31,1979-01-31,Referred to House Committee on Ways and Means.,1705,,"A bill to amend the Internal Revenue Code of 1954 to disregard, in the valuation for estate tax purposes of certain items created by the decedent during his life, any amount which would not have been capital gain if such item had been sold by the decedent at its fair market value.",HR,https://api.congress.gov/v3/bill/96/hr/1705?format=json
l000506,96,1979-01-31,1979-01-31,Referred to House Committee on Interstate and Foreign Commerce.,1706,,"A bill to amend the Act of October 31, 1949 (63 Stat. 1049), to change the authority of the Surgeon General to make certain payments to Bernalillo County, New Mexico, for furnishing hospital care to certain Indians.",HR,https://api.congress.gov/v3/bill/96/hr/1706?format=json
l000506,96,1979-01-31,1979-01-31,Referred to House Committee on Interstate and Foreign Commerce.,1708,,A bill to amend part B of title XI of the Social Security Act to assure appropriate participation by optometrists in the peer review and related activities authorized under such part.,HR,https://api.congress.gov/v3/bill/96/hr/1708?format=json
l000506,96,1979-01-31,1979-01-31,Referred to House Committee on Ways and Means.,1704,,Tuition Tax Credit Act of 1979,HR,https://api.congress.gov/v3/bill/96/hr/1704?format=json
l000506,96,1979-01-31,1979-01-31,Referred to House Committee on the Judiciary.,1693,,Soft Drink Interbrand Competition Act,HR,https://api.congress.gov/v3/bill/96/hr/1693?format=json
l000506,96,1979-01-31,1979-01-31,Referred to House Committee on Rules.,1696,,"A bill to amend the Congressional Budget Act of 1974 to establish in the Congress a zero-base budgeting process, with full congressional review of each Federal program at least once every six years.",HR,https://api.congress.gov/v3/bill/96/hr/1696?format=json
l000506,96,1979-01-31,1979-01-31,Referred to House Committee on Post Office and Civil Service.,1694,,A bill to amend title 5 of the United States Code to extend to 60 days the number of days of annual leave which may be accumulated by employees who have completed 25 years or more of service.,HR,https://api.congress.gov/v3/bill/96/hr/1694?format=json
l000506,96,1979-01-31,1979-01-31,Referred to House Committee on Ways and Means.,1698,,"A bill to amend the Internal Revenue Code of 1954 to eliminate the adjusted gross income limitation on the credit for the elderly, to increase the amount of such credit, and for other purposes.",HR,https://api.congress.gov/v3/bill/96/hr/1698?format=json
l000506,96,1979-01-31,1979-01-31,Referred to House Committee on Ways and Means.,1702,,A bill to amend title II of the Social Security Act so as to remove the limitation upon the amount of outside income which an individual may earn while receiving benefits thereunder.,HR,https://api.congress.gov/v3/bill/96/hr/1702?format=json
l000506,96,1979-01-31,1979-01-31,Referred to House Committee on Ways and Means.,1699,,A bill to amend the Internal Revenue Code of 1954 to allow a deduction from gross income for certain social security taxes.,HR,https://api.congress.gov/v3/bill/96/hr/1699?format=json
l000506,96,1979-01-31,1979-01-31,Referred to House Committee on the Judiciary.,1692,,"A bill to incorporate the American Ex-Prisoners of War, Incorporated.",HR,https://api.congress.gov/v3/bill/96/hr/1692?format=json
l000506,96,1979-01-31,1979-01-31,Referred to House Committee on Post Office and Civil Service.,1695,,"A bill to provide that members of all commissions, councils, and similar bodies in the executive branch of the Government appointed from private life shall serve without any remuneration for their services other than travel, subsistence, and other necessary expenses.",HR,https://api.congress.gov/v3/bill/96/hr/1695?format=json
l000506,96,1979-01-31,1979-01-31,Referred to House Committee on Ways and Means.,1701,,Higher Education Funding Act of 1979,HR,https://api.congress.gov/v3/bill/96/hr/1701?format=json
l000506,96,1979-01-31,1979-01-31,Referred to House Committee on Ways and Means.,1697,,A bill to reduce unemployment by providing that unemployment insurance funds may be used pursuant to State laws establishing programs for payments to employers who hire the unemployed.,HR,https://api.congress.gov/v3/bill/96/hr/1697?format=json
l000506,96,1979-01-31,1979-01-31,Referred to House Committee on Interior and Insular Affairs.,1688,,"A bill to authorize the Secretary of the Interior to construct hydroelectric powerplants and various existing water projects, and for other purposes.",HR,https://api.congress.gov/v3/bill/96/hr/1688?format=json
l000506,96,1979-01-31,1979-01-31,Referred to House Committee on Armed Services.,1685,,"A bill to amend title 10, United States Code, to raise the mandatory retirement age for members of the Army, Navy, Air Force, and Marine Corps to age 65.",HR,https://api.congress.gov/v3/bill/96/hr/1685?format=json
l000506,96,1979-01-31,1979-01-31,"Referred to House Committee on Banking, Finance and Urban Affairs.",1687,,"A bill to authorize the President of the United States to present, on behalf of the Congress, a specially struck gold medal to Ben Abruzzo, Maxie Anderson, and Larry Newman.",HR,https://api.congress.gov/v3/bill/96/hr/1687?format=json
l000506,96,1979-01-31,1979-01-31,Referred to House Committee on Interior and Insular Affairs.,1689,,"A bill to increase the amount of privately owned land eligible to receive irrigation water under the Federal reclamation laws, and remove Federal subsidies from water delivered to excess lands, and for other purposes.",HR,https://api.congress.gov/v3/bill/96/hr/1689?format=json
l000506,96,1979-01-31,1979-01-31,Referred to House Committee on Armed Services.,1686,,"A bill to amend title 10, United States Code, to eliminate mandatory retirement for age for members of the Army, Navy, Air Force, and Marine Corps.",HR,https://api.congress.gov/v3/bill/96/hr/1686?format=json
l000506,96,1979-01-31,1979-01-31,Referred to House Committee on Interstate and Foreign Commerce.,1690,,"A bill to amend the Railroad Retirement Act of 1974 with respect to benefits payable to certain individuals who on December 31, 1974, had at least ten years of railroad service and also were fully insured under the Social Security Act.",HR,https://api.congress.gov/v3/bill/96/hr/1690?format=json
l000506,96,1979-01-31,1979-01-31,Referred to House Committee on the Judiciary.,1691,,A bill for the relief of the Vermejo Conservancy District.,HR,https://api.congress.gov/v3/bill/96/hr/1691?format=json
l000506,96,1980-08-18,1980-08-18,Referred to House Committee on the Judiciary.,595,,A joint resolution proposing an amendment to the Constitution of the United States to permit the Congress to propose popular referenda as the mode by which the several States may ratify an amendment to the Constitution.,HJRES,https://api.congress.gov/v3/bill/96/hjres/595?format=json
l000506,96,1979-01-31,1979-01-31,Referred to House Committee on the Judiciary.,176,,"A joint resolution proposing an amendment to the Constitution of the United States to provide that appropriations made by the United States shall not exceed its revenues, except in time of war or national emergency.",HJRES,https://api.congress.gov/v3/bill/96/hjres/176?format=json
l000506,96,1980-08-18,1980-08-18,Measure passed House.,761,,A resolution expressing the condolences of the House on the death of Representative Runnels.,HRES,https://api.congress.gov/v3/bill/96/hres/761?format=json
l000506,96,1980-07-02,1980-07-02,Referred to House Committee on Post Office and Civil Service.,740,,A resolution commending Dr. M. Stanley Livingston upon the fiftieth anniversary of his original work in the field of cyclic acceleration.,HRES,https://api.congress.gov/v3/bill/96/hres/740?format=json
l000506,96,1979-03-08,1979-03-08,Referred to House Committee on Interstate and Foreign Commerce.,152,,A resolution disapproving the final recommendations for the restructuring of the Southwest Limited Amtrak route as submitted by the Secretary of Transportation.,HRES,https://api.congress.gov/v3/bill/96/hres/152?format=json
l000506,96,1980-06-19,1980-06-19,Referred to House Committee on Post Office and Civil Service.,371,,"A concurrent resolution recognizing the period of August 9 through 21, 1980, as a time of commemoration of the tricentennial of the Pueblo revolt of 1680.",HCONRES,https://api.congress.gov/v3/bill/96/hconres/371?format=json
l000506,93,1974-09-23,1974-09-23,Referred to House Committee on Interstate and Foreign Commerce.,16796,,National Huntington's Disease Control Act,HR,https://api.congress.gov/v3/bill/93/hr/16796?format=json
l000506,93,1974-09-23,1974-09-23,Referred to House Committee on Public Works.,16797,,"A bill to designate the new Federal building in Albuquerque, N. Mex., as the ""Senator Dennis Chavez Federal Building"".",HR,https://api.congress.gov/v3/bill/93/hr/16797?format=json
l000506,93,1974-08-01,1974-08-01,Referred to House Committee on Interior and Insular Affairs.,16218,,"A bill to repeal the act of May 10, 1926 (44 Stat. 498), relating to the condemnation of certain lands of the Pueblo Indians in the State of New Mexico.",HR,https://api.congress.gov/v3/bill/93/hr/16218?format=json
l000506,93,1974-06-05,1974-06-05,Referred to House Committee on Public Works.,15216,,A bill to amend the Public Works and Economic Development Act of 1965 for the purpose of assisting local economies in regions of persistent economic underdevelopment by enabling the Federal co-chairmen of designated regional commissions to acquire Federal excess personal property and to dispose of such property to certain recipients.,HR,https://api.congress.gov/v3/bill/93/hr/15216?format=json
l000506,93,1974-05-30,1974-05-30,Referred to House Committee on Ways and Means.,15104,,A bill to amend the Internal Revenue Code of 1954 to allow a deduction from gross income for certain social security taxes.,HR,https://api.congress.gov/v3/bill/93/hr/15104?format=json
l000506,93,1974-06-04,1974-06-04,Referred to House Committee on Post Office and Civil Service.,15175,,"A bill to amend title 5, United States Code, with respect to the retirement of certain law enforcement and firefighter personnel, and for other purposes.",HR,https://api.congress.gov/v3/bill/93/hr/15175?format=json
l000506,93,1974-05-30,1974-05-30,Referred to House Committee on Ways and Means.,15101,,A bill to amend the Internal Revenue Code of 1954 to allow a deduction for expenses incurred by a taxpayer in making repairs and improvements to his residence.,HR,https://api.congress.gov/v3/bill/93/hr/15101?format=json
l000506,93,1974-05-30,1974-05-30,Referred to House Committee on Ways and Means.,15102,,A bill to amend the Internal Revenue Code of 1954 to allow a credit against income tax to individuals for certain expenses incurred in providing higher education.,HR,https://api.congress.gov/v3/bill/93/hr/15102?format=json
l000506,93,1974-05-29,1974-05-29,Referred to House Committee on Ways and Means.,15048,,"A bill to amend part B of title XI of the Social Security Act to provide a more effective administration of Professional Standards Review of health care services, to expand the Professional Standards Review Organization activity to include review of services performed by or in federally operated health care institutions, and to protect the confidentiality of medical records.",HR,https://api.congress.gov/v3/bill/93/hr/15048?format=json
l000506,93,1974-05-23,1974-05-23,Referred to House Committee on the Judiciary.,15004,,Federal Medical Malpractice Act,HR,https://api.congress.gov/v3/bill/93/hr/15004?format=json
l000506,93,1974-05-30,1974-05-30,Referred to House Committee on Ways and Means.,15103,,Higher Education Funding Act,HR,https://api.congress.gov/v3/bill/93/hr/15103?format=json
l000506,93,1974-05-23,1974-05-23,Referred to House Committee on Ways and Means.,15006,,National Family Health Protection Act,HR,https://api.congress.gov/v3/bill/93/hr/15006?format=json
l000506,93,1974-05-23,1974-05-23,Referred to House Committee on Armed Services.,15001,,"A bill to authorize recomputation at age 60 of the retired pay of members and former members of the uniformed services whose retired pay is computed on the basis of pay scales in effect prior to January 1, 1972, and for other purposes.",HR,https://api.congress.gov/v3/bill/93/hr/15001?format=json
l000506,93,1974-05-23,1974-05-23,Referred to House Committee on Interior and Insular Affairs.,15002,,A bill to declare that title to certain lands in the State of New Mexico are held in trust by the United States for the Ramah Band of the Navajo Tribe.,HR,https://api.congress.gov/v3/bill/93/hr/15002?format=json
l000506,93,1974-05-23,1974-05-23,Referred to House Committee on Science and Astronautics.,15005,,National Fire Education and Training Act,HR,https://api.congress.gov/v3/bill/93/hr/15005?format=json
l000506,93,1974-05-23,1974-05-23,Referred to Joint Committee on Atomic Energy.,15007,,"A bill to amend the Atomic Energy Community Act of 1955, as amended, to authorize the transfer of certain property at Los Alamos, N. Mexico.",HR,https://api.congress.gov/v3/bill/93/hr/15007?format=json
l000506,93,1974-05-23,1974-05-23,Referred to House Committee on Interior and Insular Affairs.,15003,,"A bill to quitclaim any interest of the United States in and to certain real property in Sandoval County, N. Mex., to the record owner of such property.",HR,https://api.congress.gov/v3/bill/93/hr/15003?format=json
l000506,93,1974-05-02,1974-05-02,Referred to House Committee on Interstate and Foreign Commerce.,14557,,"Arthritis Prevention, Treatment, and Rehabilitation Act",HR,https://api.congress.gov/v3/bill/93/hr/14557?format=json
l000506,93,1974-04-29,1974-04-29,Referred to House Committee on Interstate and Foreign Commerce.,14452,,"A bill to amend the National Traffic and Motor Vehicle Safety Act of 1966 to prohibit the Secretary of Transportation from imposing certain seatbelt standards, and for other purposes.",HR,https://api.congress.gov/v3/bill/93/hr/14452?format=json
l000506,93,1974-03-25,1974-03-25,Referred to House Committee on Post Office and Civil Service.,13704,,"A bill to amend title 39, United States Code, to authorize the mailing of letter mail, postal cards, and post cards to Members of Congress in their representative capacity by a sender such Member represents at no cost to the sender subject to the availability of appropriations to pay the cost thereof.",HR,https://api.congress.gov/v3/bill/93/hr/13704?format=json
l000506,93,1974-03-25,1974-03-25,Referred to House Committee on Interior and Insular Affairs.,13701,,A bill to include the Escalante trail in the study category of the National Trails System Act.,HR,https://api.congress.gov/v3/bill/93/hr/13701?format=json
l000506,93,1974-03-25,1974-03-25,Referred to House Committee on Interstate and Foreign Commerce.,13702,,A bill to prohibit psychosurgery in federally connected health care facilities.,HR,https://api.congress.gov/v3/bill/93/hr/13702?format=json
l000506,93,1974-03-25,1974-03-25,Referred to House Committee on Post Office and Civil Service.,13703,,"A bill to amend title 39, United States Code, to require that any cancellation mark used by the Postal Service have the name of the post office and the State from which any matter is mailed, the zip code number assigned to such post office, and the date on which the matter is mailed.",HR,https://api.congress.gov/v3/bill/93/hr/13703?format=json
l000506,93,1974-03-13,1974-03-13,Referred to House Committee on Government Operations.,13460,,A bill to amend the Freedom of Information Act to require consent of subject individuals before disclosure of personally identifiable information in certain circumstances.,HR,https://api.congress.gov/v3/bill/93/hr/13460?format=json
l000506,93,1974-03-13,1974-03-13,Referred to House Committee on Banking and Currency.,13459,,Right to Financial Privacy Act,HR,https://api.congress.gov/v3/bill/93/hr/13459?format=json
l000506,93,1974-03-07,1974-03-07,Referred to House Committee on the Judiciary.,13356,,A bill for the relief of Gloria Chavez.,HR,https://api.congress.gov/v3/bill/93/hr/13356?format=json
l000506,93,1974-03-07,1974-03-07,Referred to House Committee on Post Office and Civil Service.,13346,,"A bill to amend title 5, United States Code, with respect to the retirement of certain law enforcement and firefighter personnel, and for other purposes.",HR,https://api.congress.gov/v3/bill/93/hr/13346?format=json
l000506,93,1974-02-19,1974-02-19,Referred to Joint Committee on Atomic Energy.,12881,,A bill to provide for the establishment of a National Museum.,HR,https://api.congress.gov/v3/bill/93/hr/12881?format=json
l000506,93,1974-02-05,1974-02-05,Referred to House Committee on Interstate and Foreign Commerce.,12567,,Interstate Recycling Expansion Act,HR,https://api.congress.gov/v3/bill/93/hr/12567?format=json
l000506,93,1974-01-30,1974-01-30,Referred to House Committee on Interior and Insular Affairs.,12409,,A bill relating to the public lands of the United States.,HR,https://api.congress.gov/v3/bill/93/hr/12409?format=json
l000506,93,1973-12-03,1973-12-03,Referred to House Committee on Interior and Insular Affairs.,11748,,A bill to extend State jurisdiction over certain lessees of Indian Lands.,HR,https://api.congress.gov/v3/bill/93/hr/11748?format=json
l000506,93,1973-11-29,1973-11-29,Referred to House Committee on Interstate and Foreign Commerce.,11670,,"A bill to designate the Miners' Hospital in Raton, N. Mex., a Public Health Service hospital to be known as the ""Miners' Rehabilitation and Medical Hospital"".",HR,https://api.congress.gov/v3/bill/93/hr/11670?format=json
l000506,93,1973-11-26,1973-11-26,Referred to House Committee on Merchant Marine and Fisheries.,11568,,Interim Fisheries Zone Extension and Management Act,HR,https://api.congress.gov/v3/bill/93/hr/11568?format=json
l000506,93,1973-11-26,1973-11-26,Referred to House Committee on Education and Labor.,11567,,Respiratory Disease Benefits Act,HR,https://api.congress.gov/v3/bill/93/hr/11567?format=json
l000506,93,1973-11-07,1973-11-07,Referred to House Committee on Public Works.,11336,,A bill to prohibit without congressional approval expenditures of appropriated funds with respect to private property used as residences by individuals whom the Secret Service is authorized to protect.,HR,https://api.congress.gov/v3/bill/93/hr/11336?format=json
l000506,93,1973-11-07,1973-11-07,Referred to House Committee on House Administration.,11334,,American Folklife Preservation Act,HR,https://api.congress.gov/v3/bill/93/hr/11334?format=json
l000506,93,1973-11-07,1973-11-07,Referred to House Committee on Interstate and Foreign Commerce.,11335,,Foreign Investors Limitation Act,HR,https://api.congress.gov/v3/bill/93/hr/11335?format=json
l000506,93,1973-09-25,1973-09-25,Referred to House Committee on Government Operations.,10495,,"A bill to amend title 5, United States Code, to provide that individuals be apprised of records concerning them which are maintained by Government agencies.",HR,https://api.congress.gov/v3/bill/93/hr/10495?format=json
l000506,93,1973-09-25,1973-09-25,Referred to House Committee on Banking and Currency.,10494,,"A bill to prohibit the export of domestically extracted crude oil, and any petroleum products made from such oil, unless Congress first approves such exportation.",HR,https://api.congress.gov/v3/bill/93/hr/10494?format=json
l000506,93,1973-09-06,1973-09-06,Referred to House Committee on Ways and Means.,10098,,A bill to extend to all unmarried individuals the full tax benefits of income splitting now enjoyed by married individuals filing joint returns.,HR,https://api.congress.gov/v3/bill/93/hr/10098?format=json
l000506,93,1973-08-03,1973-08-03,Referred to House Committee on the Judiciary.,10009,,A bill granting the consent and approval of Congress to the Cumbres and Toltec Scenic Railroad Compact.,HR,https://api.congress.gov/v3/bill/93/hr/10009?format=json
l000506,93,1973-07-26,1973-07-26,Referred to House Committee on Ways and Means.,9613,,A bill to encourage States to establish motor vehicle disposal programs and to provide for federally guaranteed loans and tax incentives for the acquisition of automobile scrap-processing equipment.,HR,https://api.congress.gov/v3/bill/93/hr/9613?format=json
l000506,93,1973-06-18,1973-06-18,Referred to House Committee on Post Office and Civil Service.,8769,,"A bill to provide that members of all commissions, councils, and similar bodies in the executive of the Government appointed from private life shall serve without any remuneration for their services other than travel, subsistence, and other necessary expenses.",HR,https://api.congress.gov/v3/bill/93/hr/8769?format=json
l000506,93,1973-05-31,1973-05-31,Referred to House Committee on Interior and Insular Affairs.,8276,,"A bill relating to lands in the Middle Rio Grande Conservancy District, New Mexico.",HR,https://api.congress.gov/v3/bill/93/hr/8276?format=json
l000506,93,1973-05-30,1973-05-30,Referred to House Committee on the Judiciary.,8263,,A bill to provide for the payment of death benefits in lieu of servicemen's group life insurance benefits to the eligible survivors of certain individuals killed while participating in the Air Force Reserve Officers' Training Corps flight instruction program.,HR,https://api.congress.gov/v3/bill/93/hr/8263?format=json
l000506,93,1973-05-30,1973-05-30,Referred to House Committee on Ways and Means.,8247,,A bill to amend the Internal Revenue Code of 1954 to provide a tax credit for employers who employ members of hard-core unemployed.,HR,https://api.congress.gov/v3/bill/93/hr/8247?format=json
l000506,93,1973-05-22,1973-05-22,Referred to House Committee on the Judiciary.,8061,,A bill for the relief of Norman Yazzie.,HR,https://api.congress.gov/v3/bill/93/hr/8061?format=json
l000506,93,1973-05-10,1973-05-10,Referred to House Committee on Veterans' Affairs.,7759,,A bill to amend title 38 of the United States Code to provide hospital care and medical treatment for certain non service-connected disabilities of former prisoners of war.,HR,https://api.congress.gov/v3/bill/93/hr/7759?format=json
l000506,93,1973-05-10,1973-05-10,Referred to House Committee on Interior and Insular Affairs.,7716,,Navajo-Hopi Settlement Act,HR,https://api.congress.gov/v3/bill/93/hr/7716?format=json
l000506,93,1973-05-09,1973-05-09,Referred to House Committee on Interstate and Foreign Commerce.,7650,,Food Supplement Amendment,HR,https://api.congress.gov/v3/bill/93/hr/7650?format=json
l000506,93,1973-05-02,1973-05-02,Referred to House Committee on Ways and Means.,7426,,A bill to amend title II of the Social Security Act so as to remove the limitation upon the amount of outside income which an individual may earn while receiving benefits thereunder.,HR,https://api.congress.gov/v3/bill/93/hr/7426?format=json
l000506,93,1973-04-18,1974-05-06,"Measure passed House, amended.",7188,,A bill to modify the boundary of the Cibola National Forest.,HR,https://api.congress.gov/v3/bill/93/hr/7188?format=json
l000506,93,1973-04-12,1974-12-22,Public law 93-540.,6925,,A bill to authorize the exchange of certain lands between the Pueblo of Acoma and the Forest Service.,HR,https://api.congress.gov/v3/bill/93/hr/6925?format=json
l000506,93,1973-04-12,1973-04-12,Referred to House Committee on Post Office and Civil Service..,6926,,"A bill to amend title 5, United States Code, to allow credit under the civil service retirement program for military service performed by a citizen of the United States in the armed forces of any nation allied or associated with the United States during a period of war.",HR,https://api.congress.gov/v3/bill/93/hr/6926?format=json
l000506,93,1973-03-21,1973-03-21,Referred to House Committee on Interior and Insular Affairs.,5970,,"A bill to amend the act entitled ""An Act granting land to the city of Albuquerque for public purposes"", approved June 9, 1906.",HR,https://api.congress.gov/v3/bill/93/hr/5970?format=json
l000506,93,1973-03-13,1973-03-13,Referred to House Committee on Interior and Insular Affairs.,5519,,A bill to authorize Federal cost sharing in promoting public safety through the elimination of hazardous open canals by converting them to closed conduits and by fencing.,HR,https://api.congress.gov/v3/bill/93/hr/5519?format=json
l000506,93,1973-03-08,1973-03-08,Referred to House Committee on Interstate and Foreign Commerce.,5420,,"A bill to amend the Federal Trade Commission Act (15 U.S.C. 41), to provide that under certain circumstances exclusive territorial arrangements shall not be deemed unlawful.",HR,https://api.congress.gov/v3/bill/93/hr/5420?format=json
l000506,93,1973-03-05,1973-03-05,Referred to House Committee on Interior and Insular Affairs.,5145,,A bill to declare that the United States holds in trust for the pueblo of Santa Ana certain public domain lands.,HR,https://api.congress.gov/v3/bill/93/hr/5145?format=json
l000506,93,1973-03-05,1973-03-05,Referred to House Committee on Veterans' Affairs.,5149,,"A bill to amend title 38 of the United States Code to deem certain prisoners of war to be permanently and totally disabled for purpose of receiving wartime disability compensation, and for other purposes.",HR,https://api.congress.gov/v3/bill/93/hr/5149?format=json
l000506,93,1973-03-05,1973-03-05,Referred to House Committee on the Judiciary.,5191,,For the relief of Samuel T. Ansley.,HR,https://api.congress.gov/v3/bill/93/hr/5191?format=json
l000506,93,1973-03-05,1973-03-05,Referred to House Committee on Interstate and Foreign Commerce.,5147,,A bill to amend the Communications Act of 1934 to establish orderly procedures for the consideration of applications for renewal of broadcast licenses.,HR,https://api.congress.gov/v3/bill/93/hr/5147?format=json
l000506,93,1973-03-05,1973-03-05,Referred to House Committee on Interior and Insular Affairs.,5143,,"A bill to declare the certain federally-owned land is held by the United States in trust for the pueblo of Nambe, N. Mex.",HR,https://api.congress.gov/v3/bill/93/hr/5143?format=json
l000506,93,1973-03-05,1973-03-05,Referred to House Committee on the Judiciary.,5148,,A bill to amend title 28 of the United States Code to provide for recovery of costs by criminal defendants in certain cases.,HR,https://api.congress.gov/v3/bill/93/hr/5148?format=json
l000506,93,1973-03-05,1973-03-05,Referred to House Committee on Interior and Insular Affairs.,5144,,A bill to declare that the United States holds in trust for the Pueblo of Santa Ana certain public domain lands.,HR,https://api.congress.gov/v3/bill/93/hr/5144?format=json
l000506,93,1973-03-05,1973-03-05,Referred to House Committee on Interior and Insular Affairs.,5146,,A bill to declare that the United States holds in trust for the Pueblo of Santa Ana certain public domain lands.,HR,https://api.congress.gov/v3/bill/93/hr/5146?format=json
l000506,93,1973-02-05,1973-02-05,Referred to House Committee on Agriculture.,3661,,"A bill to authorize the acquisition of lands within the Vermejo Ranch, New Mexico and Colorado, for addition to the national forest system.",HR,https://api.congress.gov/v3/bill/93/hr/3661?format=json
l000506,93,1973-01-31,1973-01-31,Referred to House Committee on the Judiciary.,3536,,For the relief of Ramon Herrera.,HR,https://api.congress.gov/v3/bill/93/hr/3536?format=json
l000506,93,1973-01-31,1973-01-31,Referred to House Committee on Interior and Insular Affairs.,3454,,"A bill to designate the Apache Kid Wilderness, Cibola National Forest, N. Mex..",HR,https://api.congress.gov/v3/bill/93/hr/3454?format=json
l000506,93,1973-01-31,1973-01-31,Referred to House Committee on Interior and Insular Affairs.,3453,,"A bill to designate the Bandelier Wilderness, in the Bandelier National Monument, N. Mex..",HR,https://api.congress.gov/v3/bill/93/hr/3453?format=json
l000506,93,1973-01-31,1973-01-31,Referred to House Committee on Interior and Insular Affairs.,3455,,"A bill to designate the Sandia Mountain Wilderness, Cibola National Forest, N. Mex..",HR,https://api.congress.gov/v3/bill/93/hr/3455?format=json
l000506,93,1973-01-31,1973-01-31,Referred to House Committee on Interior and Insular Affairs.,3452,,"A bill to designate the Manzano Mountain Wilderness, Cibola National Forest, N. Mex..",HR,https://api.congress.gov/v3/bill/93/hr/3452?format=json
l000506,93,1974-06-05,1974-06-05,Referred to House Committee on the Judiciary.,1049,,"Joint resolution designating the first Saturday in April of each year as ""National Brotherhood day"".",HJRES,https://api.congress.gov/v3/bill/93/hjres/1049?format=json
l000506,93,1973-09-25,1973-09-25,Referred to House Committee on the Judiciary.,743,,Joint resolution proposing an amendment to the Constitution of the United States to permit the Congress to provide by law for the imposition and carrying out of the death penalty in the case of certain crimes involving aircraft piracy.,HJRES,https://api.congress.gov/v3/bill/93/hjres/743?format=json
l000506,93,1973-09-25,1973-09-25,Referred to House Committee on Interior and Insular Affairs.,742,,"Joint resolution authorizing the Secretary of the Interior to establish a memorial museum at Las Vegas, N. Mex., to commemorate the Rough Riders and related history of the Southwest.",HJRES,https://api.congress.gov/v3/bill/93/hjres/742?format=json
l000506,93,1973-02-07,1973-02-07,Referred to House Committee on the Judiciary.,316,,"Joint resolution authorizing the President to proclaim the second week of February in each year as ""National Vocational Education Week"".",HJRES,https://api.congress.gov/v3/bill/93/hjres/316?format=json
l000506,93,1974-03-13,1974-03-13,Referred to House Committee on Rules.,981,,Resolution to create a Select Committee on the Right of Privacy.,HRES,https://api.congress.gov/v3/bill/93/hres/981?format=json
l000506,93,1973-03-05,1973-03-05,Referred to House Committee on Rules.,140,,Concurrent resolution to establish a joint committee to conduct an investigation of the U.S. Postal Service.,HCONRES,https://api.congress.gov/v3/bill/93/hconres/140?format=json
l000506,94,1976-08-25,1976-08-25,Referred to House Committee on Agriculture.,15261,,A bill to provide for control of incipient or emergency outbreaks of range caterpillars.,HR,https://api.congress.gov/v3/bill/94/hr/15261?format=json
l000506,94,1976-06-15,1976-06-15,Referred to House Committee on Ways and Means.,14376,,A bill to amend section 218 of the Social Security Act to make it clear that sick pay under an approved wage continuation plan is to be excluded from the wages of State and local employees covered by an agreement thereunder.,HR,https://api.congress.gov/v3/bill/94/hr/14376?format=json
l000506,94,1976-06-16,1976-06-16,Referred to House Committee on Interior and Insular Affairs.,14413,,"A bill to clarify and strengthen the authority for certain Department of the Interior law enforcement services, activities, and officers in Indian country.",HR,https://api.congress.gov/v3/bill/94/hr/14413?format=json
l000506,94,1976-04-28,1976-04-28,Referred to House Committee on the Judiciary.,13416,,A bill for the relief of Sammy H. Marr.,HR,https://api.congress.gov/v3/bill/94/hr/13416?format=json
l000506,94,1976-03-22,1976-03-22,Referred to House Committee on the Judiciary.,12688,,"A bill to reaffirm the national public policy and the purposes of Congress in enacting the Robinson-Patman Antiprice Discrimination Act entitled ""An Act to amend section 2 of the Act entitled ""An Act to supplement existing laws against unlawful restraints and monopolies.",HR,https://api.congress.gov/v3/bill/94/hr/12688?format=json
l000506,94,1976-03-02,1976-03-02,Referred to House Committee on Interior and Insular Affairs.,12247,,A bill to authorize the Secretary of the Interior to accept additional land for the Pecos National Monument in the State of New Mexico.,HR,https://api.congress.gov/v3/bill/94/hr/12247?format=json
l000506,94,1976-02-19,1976-02-19,Referred to House Committee on Interior and Insular Affairs.,12004,,A bill to declare that the United States holds in trust for the Pueblo of Santa Ana certain public domain lands.,HR,https://api.congress.gov/v3/bill/94/hr/12004?format=json
l000506,94,1976-02-19,1976-02-19,Referred to House Committee on Interior and Insular Affairs.,12003,,A bill to declare that the United States holds in trust for the Pueblo of Santa Ana certain public domain lands.,HR,https://api.congress.gov/v3/bill/94/hr/12003?format=json
l000506,94,1976-02-19,1976-02-19,Referred to House Committee on Ways and Means.,11983,,A bill to amend the Internal Revenue Code of 1954 to provide a tax credit for the expense of filing forms required by Federal law.,HR,https://api.congress.gov/v3/bill/94/hr/11983?format=json
l000506,94,1976-02-19,1976-02-19,Referred to House Committee on Interior and Insular Affairs.,11982,,A bill to authorize the addition of certain lands to Bandalier National Monument in the State of New Mexico.,HR,https://api.congress.gov/v3/bill/94/hr/11982?format=json
l000506,94,1976-02-19,1976-02-19,Referred to House Committee on Interior and Insular Affairs.,12005,,A bill to declare that the United States holds in trust for the Pueblo of Santa Ana certain public domain lands.,HR,https://api.congress.gov/v3/bill/94/hr/12005?format=json
l000506,94,1975-11-17,1975-11-17,Referred to House Committee on the Judiciary.,10791,,A bill for the relief of Michael A. MacEachen.,HR,https://api.congress.gov/v3/bill/94/hr/10791?format=json
l000506,94,1975-10-01,1975-10-01,Referred to Joint Committee on Atomic Energy.,9948,,"A bill to amend the Atomic Energy Community Act of 1955, as amended, to authorize the Administrator of the Energy Research and Development Administration to make assistance payments to the Los Alamos School Board and the county of Los Alamos, N. Mex., after June 30, 1976, in the case of the Schools and after June 30, 1977, in the case of the county.",HR,https://api.congress.gov/v3/bill/94/hr/9948?format=json
l000506,94,1975-09-22,1975-09-22,Referred to House Committee on Education and Labor.,9762,,"A bill to amend section 427 (a) (2) (A) of the Higher Education Act to provide that federally insured student loans may be made with endorsement, but shall not be required by eligible lenders to be made with endorsement.",HR,https://api.congress.gov/v3/bill/94/hr/9762?format=json
l000506,94,1975-09-09,1975-09-09,Referred to House Committee on the Judiciary.,9496,,A bill for the relief of Cesar Grana.,HR,https://api.congress.gov/v3/bill/94/hr/9496?format=json
l000506,94,1975-07-30,1975-07-30,Referred to House Committee on Interior and Insular Affairs.,9083,,A bill to authorize and direct the Secretary of the Interior to reinstate oil and gas lease New Mexico 18302.,HR,https://api.congress.gov/v3/bill/94/hr/9083?format=json
l000506,94,1975-07-08,1975-07-08,Referred to House Committee on Interior and Insular Affairs.,8432,,"A bill to amend the act of June 9, 1966, to provide for a description of certain lands to be conveyed by the United States to the city of Albuquerque, N. Mex.",HR,https://api.congress.gov/v3/bill/94/hr/8432?format=json
l000506,94,1975-05-05,1975-05-05,Referred to House Committee on Interior and Insular Affairs.,6671,,A bill to authorize the Secretary of the Interior to engage in a feasibility investigation of potential water resource developments in the upper Canadian River Basin.,HR,https://api.congress.gov/v3/bill/94/hr/6671?format=json
l000506,94,1975-04-22,1975-04-22,Referred to House Committee on the Judiciary.,6285,,"A bill for the relief of certain residents of Apocada, New Mexico.",HR,https://api.congress.gov/v3/bill/94/hr/6285?format=json
l000506,94,1975-04-10,1975-04-10,Referred to House Committee on Interior and Insular Affairs.,5850,,"A bill to authorize the Secretary of the Interior engage in feasibility investigations of potential water resources developments in the Mora River Basin, New Mexico.",HR,https://api.congress.gov/v3/bill/94/hr/5850?format=json
l000506,94,1975-03-04,1975-03-04,Referred to House Committee on Ways and Means.,4208,,A bill to amend section 4182 of the Internal Revenue Code of 1954.,HR,https://api.congress.gov/v3/bill/94/hr/4208?format=json
l000506,94,1975-03-04,1975-03-04,Referred to House Committee on Interior and Insular Affairs.,4212,,A bill to direct the Secretary of the Interior to purchase and hold certain lands in trust for the Zuni Indian Tribe of New Mexico; to confer jurisdiction on the Court of Claims with respect to land claims of such tribe; and to authorize such tribe to purchase and exchange lands in the States of New Mexico and Arizona.,HR,https://api.congress.gov/v3/bill/94/hr/4212?format=json
l000506,94,1975-03-04,1975-03-04,Referred to House Committee on the Judiciary.,4204,,A bill to amend title 28 of the United States Code to provide for recovery of costs by criminal defendants in certain cases.,HR,https://api.congress.gov/v3/bill/94/hr/4204?format=json
l000506,94,1975-03-04,1975-03-04,Referred to House Committee on Interstate and Foreign Commerce.,4200,,A bill to prohibit the Consumer Product Safety Commission from restricting the sale or manufacture of firearms or ammunition.,HR,https://api.congress.gov/v3/bill/94/hr/4200?format=json
l000506,94,1975-03-04,1975-03-04,Referred to Joint Committee on Atomic Energy.,4196,,A bill to provide for the establishment of a national museum.,HR,https://api.congress.gov/v3/bill/94/hr/4196?format=json
l000506,94,1975-03-04,1975-03-04,Referred to House Committee on Interstate and Foreign Commerce.,4203,,A bill to amend the Communications Act of 1934 to establish orderly procedures for the consideration of applications for renewal of broadcast licenses.,HR,https://api.congress.gov/v3/bill/94/hr/4203?format=json
l000506,94,1975-03-04,1975-03-04,Referred to House Committee on Interstate and Foreign Commerce.,4199,,Interstate Recycling Expansion Act,HR,https://api.congress.gov/v3/bill/94/hr/4199?format=json
l000506,94,1975-03-04,1975-03-04,Referred to House Committee on Veterans' Affairs.,4207,,A bill to amend title 38 of the United States Code to deem certain prisoners of war to be permanently and totally disabled for purposes of receiving wartime disability compensation.,HR,https://api.congress.gov/v3/bill/94/hr/4207?format=json
l000506,94,1975-03-04,1975-03-04,Referred to House Committee on Ways and Means.,4211,,A bill to encourage States to establish motor vehicle disposal programs and to provide for federally guaranteed loans and tax incentives for the acquisition of automobile scrap processing equipment.,HR,https://api.congress.gov/v3/bill/94/hr/4211?format=json
l000506,94,1975-03-04,1975-03-04,Referred to House Committee on Interior and Insular Affairs.,4197,,"A bill to designate certain lands in Bandelier National Monument, N. Mex. as wilderness.",HR,https://api.congress.gov/v3/bill/94/hr/4197?format=json
l000506,94,1975-03-04,1975-03-04,Referred to House Committee on Interstate and Foreign Commerce.,4201,,"A bill to prevent loss of medicaid eligibility (by reason of the recent increases in social security benefits) of certain individuals who, immediately before such increase, were eligible (as recipients of mandatory State supplementary payments) for medicaid.",HR,https://api.congress.gov/v3/bill/94/hr/4201?format=json
l000506,94,1975-03-04,1975-03-04,Referred to House Committee on Public Works and Transportation.,4205,,A bill to provide parking for tourists to the Capitol of the United States.,HR,https://api.congress.gov/v3/bill/94/hr/4205?format=json
l000506,94,1975-03-04,1975-03-04,Referred to House Committee on Ways and Means.,4209,,A bill to amend title II of the Social Security Act so as to remove the limitation upon the amount of outside income which an individual may earn while receiving benefits thereunder.,HR,https://api.congress.gov/v3/bill/94/hr/4209?format=json
l000506,94,1975-03-04,1975-03-04,Referred to House Committee on Interstate and Foreign Commerce.,4202,,A bill to amend the Federal Trade Commission Act (15 U.S.C. 41) to provide that under certain circumstances exclusive territorial arrangements shall not be deemed unlawful.,HR,https://api.congress.gov/v3/bill/94/hr/4202?format=json
l000506,94,1975-03-04,1975-03-04,Referred to House Committee on Interstate and Foreign Commerce.,4198,,Food Supplement Amendment,HR,https://api.congress.gov/v3/bill/94/hr/4198?format=json
l000506,94,1975-03-04,1975-03-04,Referred to House Committee on Ways and Means.,4210,,A bill to amend section 167 of the Internal Revenue Code of 1954 to provide a special allowance for depreciation with respect to certain byproduct and waste energy conversation facilities.,HR,https://api.congress.gov/v3/bill/94/hr/4210?format=json
l000506,94,1975-03-04,1976-10-15,Public law 94-513.,4206,,"A bill to designate the New Federal Building in Albuquerque, New Mex., as the Senator Dennis Chavez Federal Building.",HR,https://api.congress.gov/v3/bill/94/hr/4206?format=json
l000506,94,1975-02-25,1975-02-25,Referred to House Committee on Ways and Means.,3668,,A bill to amend the Internal Revenue Code of 1954 to allow a deduction for expenses incurred by a taxpayer in making repairs and improvements to his residence.,HR,https://api.congress.gov/v3/bill/94/hr/3668?format=json
l000506,94,1975-02-25,1975-02-25,Referred to House Committee on Interstate and Foreign Commerce.,3672,,National Family Health Protection Act,HR,https://api.congress.gov/v3/bill/94/hr/3672?format=json
l000506,94,1975-02-25,1975-02-25,"Referred to House Committee on Banking, Currency and Housing.",3660,,"A bill to prohibit the sale, alienation, or commitment of gold by the Secretary of the Treasury without prior approval by act of Congress.",HR,https://api.congress.gov/v3/bill/94/hr/3660?format=json
l000506,94,1975-02-25,1975-02-25,Referred to House Committee on the Judiciary.,3664,,Federal Medical Malpractice Act,HR,https://api.congress.gov/v3/bill/94/hr/3664?format=json
l000506,94,1975-02-25,1975-02-25,Referred to House Committee on Post Office and Civil Service.,3665,,"A bill to provide that members of all commissions, councils, and similar bodies in the executive branch of the Government appointed from private life shall serve without any remuneration for their services other than travel, subsistence, and other necessary expenses.",HR,https://api.congress.gov/v3/bill/94/hr/3665?format=json
l000506,94,1975-02-25,1975-02-25,Referred to House Committee on Interstate and Foreign Commerce.,3663,,"A bill to designate the Miners Hospital in Raton, New Mexico, a public health service hospital to be known as the ""Miners' Rehabilitation and Medical Hospital.",HR,https://api.congress.gov/v3/bill/94/hr/3663?format=json
l000506,94,1975-02-24,1975-02-24,Referred to House Committee on Interior and Insular Affairs.,3596,,"A bill to modify the boundary of the Cibola National Forest, and for other purposes.",HR,https://api.congress.gov/v3/bill/94/hr/3596?format=json
l000506,94,1975-02-25,1975-02-25,Referred to House Committee on Ways and Means.,3667,,A bill to amend the Internal Revenue Code of 1954 to provide that blood donations shall be considered as charitable contributions deductible from gross income.,HR,https://api.congress.gov/v3/bill/94/hr/3667?format=json
l000506,94,1975-02-25,1975-02-25,Referred to House Committee on Ways and Means.,3671,,Higher Education Funding Act,HR,https://api.congress.gov/v3/bill/94/hr/3671?format=json
l000506,94,1975-02-25,1975-02-25,Referred to House Committee on Foreign Affairs (Subsequently: International Relations).,3661,,A bill to amend the Foreign Assistance Act of 1961 to expand American exports by utilizing foreign currencies owned by the United States to pay foreign import duties on such exports.,HR,https://api.congress.gov/v3/bill/94/hr/3661?format=json
l000506,94,1975-02-25,1975-02-25,Referred to House Committee on Ways and Means.,3669,,A bill to amend the Internal Revenue Code of 1954 to allow a deduction from gross income for certain social security taxes.,HR,https://api.congress.gov/v3/bill/94/hr/3669?format=json
l000506,94,1975-02-25,1975-02-25,Referred to House Committee on Interior and Insular Affairs.,3662,,"A bill to provide for the conveyance of certain real property in Sandoval County, N. Mex.",HR,https://api.congress.gov/v3/bill/94/hr/3662?format=json
l000506,94,1975-02-25,1975-02-25,Referred to House Committee on Ways and Means.,3666,,A bill to amend the Internal Revenue Code of 1954 to allow a credit against the individual income tax for tuition paid for the elementary or secondary education of dependents.,HR,https://api.congress.gov/v3/bill/94/hr/3666?format=json
l000506,94,1975-02-25,1975-02-25,Referred to House Committee on Ways and Means.,3670,,A bill to amend the Internal Revenue Code of 1954 to allow a credit against income tax to individuals for certain expenses incurred in providing higher education.,HR,https://api.congress.gov/v3/bill/94/hr/3670?format=json
l000506,94,1975-02-24,1975-02-24,Referred to House Committee on Post Office and Civil Service.,3597,,Postal Reorganization Act Amendments,HR,https://api.congress.gov/v3/bill/94/hr/3597?format=json
l000506,94,1975-02-24,1975-02-24,Referred to House Committee on Interior and Insular Affairs.,3595,,A bill to establish a temporary special commission on Guadalupe-Hidalgo land rights.,HR,https://api.congress.gov/v3/bill/94/hr/3595?format=json
l000506,94,1975-02-05,1975-02-05,Referred to House Committee on Interior and Insular Affairs.,2904,,A bill to authorize Federal cost sharing in promoting public safety through the elimination of hazardous open canals by converting them to closed conduits and by fencing.,HR,https://api.congress.gov/v3/bill/94/hr/2904?format=json
l000506,94,1975-02-05,1975-02-05,Referred to House Committee on Interior and Insular Affairs.,2908,,"A bill to repeal the Act of May 10, 1926 (44 Stat. 498), relating to the condemnation of certain lands of the Pueblo Indians in the State of New Mexico.",HR,https://api.congress.gov/v3/bill/94/hr/2908?format=json
l000506,94,1975-02-05,1975-02-05,Referred to House Committee on Interior and Insular Affairs.,2909,,"A bill to provide for a study of the suitability and feasibility of designating the Vietnam Veterans Chapel, Eagle Nest, N. Mex., as a national memorial to the Vietnam veterans.",HR,https://api.congress.gov/v3/bill/94/hr/2909?format=json
l000506,94,1975-02-05,1975-02-05,Referred to House Committee on Interior and Insular Affairs.,2907,,A bill to modify the boundary of the Cibola National Forest.,HR,https://api.congress.gov/v3/bill/94/hr/2907?format=json
l000506,94,1975-02-05,1976-09-23,"Reported to House from the Committee on Interior and Insular Affairs with amendment, H. Rept. 94-1664.",2905,,"A bill to designate the Manzano Mountain Wilderness, Cibola National Forest, N. Mex.",HR,https://api.congress.gov/v3/bill/94/hr/2905?format=json
l000506,94,1975-02-05,1975-02-05,Referred to House Committee on Interior and Insular Affairs.,2903,,A bill relating to the public lands of the United Sates.,HR,https://api.congress.gov/v3/bill/94/hr/2903?format=json
l000506,94,1975-02-05,1976-09-23,"Reported to House from the Committee on Interior and Insular Affairs with amendment, H. Rept. 94-1665.",2906,,"A bill to designate the Sandia Mountain Wilderness, Cibola National Forest, N. Mex.",HR,https://api.congress.gov/v3/bill/94/hr/2906?format=json
l000506,94,1975-01-14,1975-01-14,Referred to House Committee on the Judiciary.,1411,,A bill for the relief of Maria Martins Sanchez.,HR,https://api.congress.gov/v3/bill/94/hr/1411?format=json
l000506,94,1975-01-14,1975-07-08,Private Law 94-9.,1410,,A bill for the relief of Samuel T. Ansley.,HR,https://api.congress.gov/v3/bill/94/hr/1410?format=json
l000506,94,1975-01-14,1975-01-14,Referred to House Committee on the Judiciary.,1409,,A bill to provide for the payment of death benefits in lieu of Serviceman's Group Life Insurance benefits to the eligible survivors of certain individuals killed while participating in the Air Force Reserve Officers' Training Corps flight instruction program.,HR,https://api.congress.gov/v3/bill/94/hr/1409?format=json
l000506,94,1975-01-14,1975-01-14,Referred to House Committee on Interior and Insular Affairs.,624,,"A bill to quitclaim any interest of the United States in and to certain real property in Sandoval County, New Mex., to the record owner of such property.",HR,https://api.congress.gov/v3/bill/94/hr/624?format=json
l000506,94,1975-01-14,1975-01-14,Referred to House Committee on Education and Labor.,623,,A bill to provide for the protection of the rights and privacy of teachers and other educational personnel.,HR,https://api.congress.gov/v3/bill/94/hr/623?format=json
l000506,94,1975-01-14,1975-01-14,Referred to House Committee on Post Office and Civil Service.,625,,"A bill to amend title 5, United States Code, to allow credit under the civil service retirement program for military service performed by a citizen of the United States in the armed forces of any nation allied or associated with the United States during a period of War.",HR,https://api.congress.gov/v3/bill/94/hr/625?format=json
l000506,94,1975-01-14,1975-01-14,Referred to House Committee on Interior and Insular Affairs.,45,,"A bill relating to lands in the Middle Rio Grande Conservancy District, N. Mex.",HR,https://api.congress.gov/v3/bill/94/hr/45?format=json
l000506,94,1975-09-09,1975-09-09,Referred to House Committee on the Judiciary.,646,,"Joint resolution proposing an amendment to the Constitution of the United States to provide that appropriations made by the United States shall not exceed its revenues, except in time of war or national emergency.",HJRES,https://api.congress.gov/v3/bill/94/hjres/646?format=json
l000506,94,1975-03-04,1975-03-04,Referred to House Committee on the Judiciary.,272,,Joint resolution proposing an amendment to the Constitution of the United States relative to Federal elections and Federal personal income tax.,HJRES,https://api.congress.gov/v3/bill/94/hjres/272?format=json
l000506,94,1975-03-04,1975-03-04,Referred to House Committee on Post Office and Civil Service.,273,,Joint resolution authorizing the President to proclaim the second week of February in each year as National Vocational Education Week.,HJRES,https://api.congress.gov/v3/bill/94/hjres/273?format=json
l000506,94,1975-03-04,1975-03-04,Referred to House Committee on Post Office and Civil Service.,274,,Joint resolution to designate the stone commonly known as turquoise as the national gemstone of the United States.,HJRES,https://api.congress.gov/v3/bill/94/hjres/274?format=json
l000506,94,1975-03-04,1975-03-04,Referred to House Committee on the Judiciary.,271,,Joint resolution proposing an amendment to the Constitution of the United States relative to the balancing of the budget.,HJRES,https://api.congress.gov/v3/bill/94/hjres/271?format=json
l000506,94,1975-02-24,1975-02-24,Referred to House Committee on the Judiciary.,238,,"Joint resolution proposing an amendment to the Constitution of the United States guaranteeing the right to life to the unborn, the ill, the aged, or the incapacitated.",HJRES,https://api.congress.gov/v3/bill/94/hjres/238?format=json
l000506,94,1975-02-24,1975-02-24,Referred to House Committee on Post Office and Civil Service.,239,,Joint resolution designating the first Saturday in April of each year as National Brotherhood Day.,HJRES,https://api.congress.gov/v3/bill/94/hjres/239?format=json
l000506,94,1975-02-05,1975-02-05,Referred to House Committee on Interior and Insular Affairs.,198,,"Joint resolution authorizing the Secretary of the Interior to establish a memorial museum at Las Vegas, N. Mex., to commemorate the Rough Riders and related history of the Southwest.",HJRES,https://api.congress.gov/v3/bill/94/hjres/198?format=json
l000506,94,1975-03-04,1975-03-04,Referred to House Committee on House Administration.,273,,"Resolution providing for two additional student congressional interns for Members of the House of Representatives, the Resident Commissioner from Puerto Rico, and each delegate to the House.",HRES,https://api.congress.gov/v3/bill/94/hres/273?format=json
l000506,94,1975-05-05,1975-05-05,Referred to House Committee on Post Office and Civil Service.,265,,Concurrent resolution expressing the sense of the Congress with respect to International Women's Year.,HCONRES,https://api.congress.gov/v3/bill/94/hconres/265?format=json
l000506,94,1975-02-25,1975-02-25,Referred to House Committee on Foreign Affairs (Subsequently: International Relations).,150,,Concurrent resolution to collect overdue debts.,HCONRES,https://api.congress.gov/v3/bill/94/hconres/150?format=json
l000506,95,1978-09-14,1978-09-14,"Referred to House Committee on Banking, Finance and Urban Affairs.",14087,,"A bill to authorize the President of the United States to present on behalf of the Congress a specially struck gold medal to Ben Abruzzo, Maxie Anderson, and Larry Newman.",HR,https://api.congress.gov/v3/bill/95/hr/14087?format=json
l000506,95,1978-06-16,1978-06-16,Referred to House Committee on Interior and Insular Affairs.,13172,,"A bill to authorize, for public safety in the seventeen contiguous Western States and in the State of Hawaii, federal cost sharing in the elimination of hazards of open canals and drains by converting them to closed conduits or by installing safety fencing.",HR,https://api.congress.gov/v3/bill/95/hr/13172?format=json
l000506,95,1978-06-16,1978-06-16,Referred to House Committee on Interior and Insular Affairs.,13173,,"A bill to authorize, for public safety within the Bureau of Reclamation's Middle Rio Grande Project, New Mexico, federal cost sharing in the elimination of hazards of open canals and drains by converting them to closed conduits or by installing safety fencing.",HR,https://api.congress.gov/v3/bill/95/hr/13173?format=json
l000506,95,1978-06-12,1978-06-12,Referred to House Committee on Post Office and Civil Service.,13085,,"A bill to amend title 5, United States Code, to include Department of Energy couriers and security inspectors within the same civil service retirement provisions as law enforcement officers and firefighters.",HR,https://api.congress.gov/v3/bill/95/hr/13085?format=json
l000506,95,1978-05-15,1978-05-15,Referred to House Committee on Ways and Means.,12717,,"A bill to amend the Internal Revenue Code of 1954 to eliminate the adjusted gross income limitation on the credit for the elderly, to increase the amount of such credit, and for other purposes.",HR,https://api.congress.gov/v3/bill/95/hr/12717?format=json
l000506,95,1978-05-03,1978-05-03,Referred to House Committee on Interstate and Foreign Commerce.,12548,,A bill to amend section 330 of the Public Health Service Act to provide grants for developmental and demonstration projects relating to the provision of health services to medically underserved populations.,HR,https://api.congress.gov/v3/bill/95/hr/12548?format=json
l000506,95,1978-05-03,1978-05-03,Referred to House Committee on Ways and Means.,12549,,A bill to amend the Internal Revenue Code of 1954 to provide tax incentives for investment in small corporations doing research in the area of energy development and conservation.,HR,https://api.congress.gov/v3/bill/95/hr/12549?format=json
l000506,95,1978-04-11,1978-04-11,Referred to House Committee on Ways and Means.,12027,,A bill to continue the existing income tax treatment of nonqualified deferred compensation plans established by State and local governments and other employers.,HR,https://api.congress.gov/v3/bill/95/hr/12027?format=json
l000506,95,1978-04-06,1978-04-06,Referred to House Committee on Science and Technology.,11950,,Radioactive Waste Management Regulatory Reform Act,HR,https://api.congress.gov/v3/bill/95/hr/11950?format=json
l000506,95,1978-03-21,1978-03-21,Referred to House Committee on the Judiciary.,11707,,A bill for the relief of the heirs of Demetrio Madrid.,HR,https://api.congress.gov/v3/bill/95/hr/11707?format=json
l000506,95,1978-03-21,1978-03-21,Referred to House Committee on Interstate and Foreign Commerce.,11683,,A bill to provide for a $300 payment to an owner of a pre-1968 motor vehicle who has the vehicle scrapped.,HR,https://api.congress.gov/v3/bill/95/hr/11683?format=json
l000506,95,1978-03-21,1978-03-21,Referred to House Committee on the Judiciary.,11684,,A bill to compensate certain persons who hold invalid patents issued erroneously by the Department of the Interior.,HR,https://api.congress.gov/v3/bill/95/hr/11684?format=json
l000506,95,1978-02-22,1978-02-22,Referred to House Committee on Interior and Insular Affairs.,11067,,"A bill to provide for a study of the suitability and feasibility of designating the Vietnam Veterans Chapel, Eagle Nest, New Mexico, as a national memorial to the Vietnam veterans.",HR,https://api.congress.gov/v3/bill/95/hr/11067?format=json
l000506,95,1978-02-14,1978-02-14,Referred to House Committee on Post Office and Civil Service.,10925,,"A bill to amend title 5, United States Code, to include Department of Energy couriers and security inspectors within the same civil service retirement provisions as law enforcement officers and firefighters.",HR,https://api.congress.gov/v3/bill/95/hr/10925?format=json
l000506,95,1978-02-01,1978-10-03,"Measure laid on table in House, S. 553 passed in lieu.",10679,,"A bill to modify the boundary of the Cibola National Forest, and for other purposes.",HR,https://api.congress.gov/v3/bill/95/hr/10679?format=json
l000506,95,1978-01-25,1978-01-25,Referred to House Committee on the Judiciary.,10545,,"A bill to incorporate the American Ex-Prisoners of War, Incorporated.",HR,https://api.congress.gov/v3/bill/95/hr/10545?format=json
l000506,95,1978-01-19,1978-01-19,Referred to House Committee on Ways and Means.,10429,,"A bill to modify the restrictions contained in section 170(e) of the Internal Revenue Code in the case of certain contributions of literary, musical, or artistic composition, or similar property.",HR,https://api.congress.gov/v3/bill/95/hr/10429?format=json
l000506,95,1978-01-19,1978-01-19,Referred to House Committee on Interstate and Foreign Commerce.,10466,,"A bill to amend the Act of October 31, 1949 (63 Stat. 1049), to change the authority of the Surgeon General to make certain payments to Bernalillo County, New Mexico, for furnishing hospital care to certain Indians.",HR,https://api.congress.gov/v3/bill/95/hr/10466?format=json
l000506,95,1977-12-06,1978-10-03,"Measure laid on table in House, S. 2358 passed in lieu.",10240,,A bill to declare that the United States holds in trust for the Pueblo of Zia certain public domain lands.,HR,https://api.congress.gov/v3/bill/95/hr/10240?format=json
l000506,95,1977-12-01,1977-12-01,Referred to House Committee on Ways and Means.,10188,,"A bill to amend title XVIII of the Social Security Act to authorize payment under the supplementary medical insurance program for the cutting and removal of corns, warts, and calluses and the reduction of club nails.",HR,https://api.congress.gov/v3/bill/95/hr/10188?format=json
l000506,95,1977-12-01,1977-12-01,Referred to House Committee on Interior and Insular Affairs.,10186,,"A bill to increase the amount of privately owned land eligible to receive irrigation water under the Federal reclamation laws, and remove Federal subsidies from water delivered to excess lands.",HR,https://api.congress.gov/v3/bill/95/hr/10186?format=json
l000506,95,1977-12-01,1977-12-01,Referred to House Committee on Interior and Insular Affairs.,10187,,"A bill to amend the act entitled ""An Act to promote the development of Indian arts and crafts and to create a board to assist therein.""",HR,https://api.congress.gov/v3/bill/95/hr/10187?format=json
l000506,95,1977-10-19,1977-10-19,Referred to House Committee on House Administration.,9656,,A bill relating to a national referendum on the Panama Canal.,HR,https://api.congress.gov/v3/bill/95/hr/9656?format=json
l000506,95,1977-08-05,1977-08-05,Referred to House Committee on Ways and Means.,8872,,"A bill to amend the Internal Revenue Code of 1954 to disregard, in the valuation for estate tax purposes of certain items created by the decedent during his life, any amount which would not have been capital gain if such item has been sold by the decedent as its fair market value.",HR,https://api.congress.gov/v3/bill/95/hr/8872?format=json
l000506,95,1977-08-05,1977-08-05,Referred to House Committee on Interior and Insular Affairs.,8873,,A bill to provide for the return to the United States of title to certain lands conveyed to certain Indian pueblos of New Mexico and for such land to be held in trust by the United States for such tribes.,HR,https://api.congress.gov/v3/bill/95/hr/8873?format=json
l000506,95,1977-07-25,1977-07-25,Referred to House Committee on International Relations.,8512,,A bill to limit U.S. contributions to the United Nations.,HR,https://api.congress.gov/v3/bill/95/hr/8512?format=json
l000506,95,1977-07-14,1977-07-14,Referred to House Committee on Post Office and Civil Service.,8319,,"A bill to amend title 5, United States Code, to include Energy Research and Development Administration couriers and security inspectors within the same civil service retirement provisions as law enforcement officers and firefighters.",HR,https://api.congress.gov/v3/bill/95/hr/8319?format=json
l000506,95,1977-07-14,1977-07-14,Referred to House Committee on Interior and Insular Affairs.,8318,,A bill to declare that title to certain lands in the State of New Mexico are held in trust by the United States for the Ramah Band of the Navajo Tribe.,HR,https://api.congress.gov/v3/bill/95/hr/8318?format=json
l000506,95,1977-06-16,1977-06-16,Referred to House Committee on Interior and Insular Affairs.,7838,,"A bill to amend the Atomic Energy Community Act of 1955, as amended, to clarify and reaffirm the intent of the Congress that assistance payments provided under the Atomic Energy Community Act of 1955, as amended, are in addition and supplemental to any State and local funds which would, in the absence of assistance payments under the Atomic Energy Community Act of 1955, as amended, be paid to the State, county, or local entities authorized to receive such assistance payments.",HR,https://api.congress.gov/v3/bill/95/hr/7838?format=json
s000094,107,2001-08-02,2001-08-16,Referred to the Subcommittee on Energy and Air Quality.,2814,,Interstate Transmission Act,HR,https://api.congress.gov/v3/bill/107/hr/2814?format=json
s000094,107,2001-06-12,2001-06-18,"Referred to the Subcommittee on Commerce, Trade and Consumer Protection.",2135,,Consumer Privacy Protection Act,HR,https://api.congress.gov/v3/bill/107/hr/2135?format=json
s000094,107,2001-06-12,2001-07-09,"Referred to the Subcommittee on Government Efficiency, Financial Management and Intergovernmental Relations.",2136,,Confidential Information Protection Act,HR,https://api.congress.gov/v3/bill/107/hr/2136?format=json
s000094,107,2001-05-14,2001-06-11,Referred to the Subcommittee on International Operations and Human Rights.,1828,,Unilateral Sanction Reporting Act,HR,https://api.congress.gov/v3/bill/107/hr/1828?format=json
s000094,107,2001-03-20,2001-04-02,Referred to the Subcommittee on Environment and Hazardous Materials.,70,,"Expressing the sense of the Congress that the United States should develop, promote, and implement policies to slow global population growth by voluntary means.",HCONRES,https://api.congress.gov/v3/bill/107/hconres/70?format=json
s000094,106,2000-03-29,2000-03-29,On agreeing to the Sawyer amendment (A006) Agreed to by voice vote. (text: CR H1541),,,,,https://api.congress.gov/v3/amendment/106/hamdt/620?format=json
s000094,106,1999-11-16,2000-02-01,Referred to the Subcommittee on International Economic Policy and Trade.,3406,,To require the President to report annually to the Congress on the effects of the imposition of unilateral economic sanctions by the United States.,HR,https://api.congress.gov/v3/bill/106/hr/3406?format=json
s000094,106,1999-08-05,1999-09-10,Referred to the Subcommittee on Energy and Power.,2786,,Interstate Transmission Act,HR,https://api.congress.gov/v3/bill/106/hr/2786?format=json
s000094,106,1999-01-19,1999-01-29,Referred to the Subcommittee on Health and Environment.,17,,"Expressing the sense of the Congress that the United States should develop, promote, and implement voluntary policies to slow the population growth of the Nation.",HCONRES,https://api.congress.gov/v3/bill/106/hconres/17?format=json
s000094,100,1988-06-09,1988-07-05,"Referred to Subcommittee on Elementary, Secondary and Vocational Education.",4780,,"A bill to amend the Child Nutrition Act of 1966 to ensure homeless women, infants, and children access to the special supplemental food program.",HR,https://api.congress.gov/v3/bill/100/hr/4780?format=json
s000094,100,1987-06-23,1988-11-05,Became Public Law No: 100-609.,2756,,A bill to amend the Middle Atlantic Interstate Forest Fire Protection Compact to include the State of Ohio.,HR,https://api.congress.gov/v3/bill/100/hr/2756?format=json
s000094,100,1987-06-17,1987-10-15,Unfavorable Executive Comment Received From DOD.,2709,,"A bill to delay until October 1, 1988, implementation of a Department of Defense proposal under which, in determining the suitability of individuals for enlistment in the Armed Forces, individuals with college credit or a traditional locally issued high school diploma would be considered more favorably than individuals with high school diplomas from alternative means.",HR,https://api.congress.gov/v3/bill/100/hr/2709?format=json
s000094,100,1987-04-21,1987-05-08,Referred to Subcommittee on Human Resources.,2105,,State Dependent Care Grants Amendments Act of 1987,HR,https://api.congress.gov/v3/bill/100/hr/2105?format=json
s000094,100,1987-04-06,1988-04-22,See H.R.5.,1958,,Education for Economic Security Amendments of 1987,HR,https://api.congress.gov/v3/bill/100/hr/1958?format=json
s000094,100,1987-07-29,1987-08-03,Referred to Subcommittee on Census and Population.,345,,"A joint resolution designating the period from August 1 through 2, 1987, as ""National Twins Days"".",HJRES,https://api.congress.gov/v3/bill/100/hjres/345?format=json
