bioguideId,invertedOrderName,currentMember,terms,startYear,birthYear,sponsoredLegislation,cosponsoredLegislation
L000604,"Lopez, Greg",True,1,2024,1964,N/A,12
G000579,"Gallagher, Mike",False,4,2017,1984,171,885
B001297,"Buck, Ken",False,5,2015,1959,123,801
P000604,"Payne, Donald M.",False,7,2012,1958,123,2946
C000537,"Clyburn, James E.",True,16,1993,1940,118,2706
I000024,"Inhofe, James M.",False,19,1987,1934,1297,5465
R000619,"Rulli, Michael A.",True,1,2024,1969,N/A,19
F000476,"Frost, Maxwell",True,1,2023,1997,15,463
F000480,"Fong, Vince",True,1,2024,1979,3,32
J000292,"Johnson, Bill",False,7,2011,1954,101,2163
R000122,"Reed, Jack",True,17,1991,1949,1102,4618
N000051,"Nethercutt, George R., Jr.",False,5,1995,1944,84,1194
M001188,"Meng, Grace",True,6,2013,1975,279,3173
C001132,"Crane, Elijah",True,1,2023,1980,25,753
C001084,"Cicilline, David N.",False,7,2011,1961,265,3849
V000135,"Van Orden, Derrick",True,1,2023,1969,30,283
G000600,"Perez, Marie Gluesenkamp",True,1,2023,1988,25,311
H001096,"Hageman, Harriet M.",True,1,2023,1962,66,286
B001318,"Balint, Becca",True,1,2023,1968,20,379
S001159,"Strickland, Marilyn",True,2,2021,1962,29,896
G000595,"Good, Bob",True,2,2021,1965,107,1218
F000471,"Fitzgerald, Scott",True,2,2021,1963,47,346
T000165,"Tiffany, Thomas P.",True,3,2020,1957,54,737
M001205,"Miller, Carol D.",True,3,2019,1950,67,693
S001213,"Steil, Bryan",True,3,2019,1981,59,494
S001216,"Schrier, Kim",True,3,2019,1968,79,931
W000825,"Wexton, Jennifer",True,3,2019,1968,61,839
S001209,"Spanberger, Abigail Davis",True,3,2019,1979,108,1365
C001118,"Cline, Ben",True,3,2019,1972,30,787
J000298,"Jayapal, Pramila",True,4,2017,1965,150,2567
M001195,"Mooney, Alexander X.",True,5,2015,1971,88,1512
G000576,"Grothman, Glenn",True,5,2015,1955,149,1708
N000189,"Newhouse, Dan",True,5,2015,1955,135,1343
P000610,"Plaskett, Stacey E.",True,5,2015,1966,114,865
B001292,"Beyer, Donald S.",True,5,2015,1950,201,2157
P000607,"Pocan, Mark",True,6,2013,1964,147,4168
K000381,"Kilmer, Derek",True,6,2013,1974,193,3494
D000617,"DelBene, Suzan K.",True,7,2012,1962,133,2713
G000568,"Griffith, H. Morgan",True,7,2011,1958,179,1121
C001078,"Connolly, Gerald E.",True,8,2009,1950,322,4387
S000510,"Smith, Adam",True,14,1997,1965,215,4663
M001160,"Moore, Gwen",True,10,2005,1951,252,5683
M001159,"McMorris Rodgers, Cathy",True,10,2005,1969,213,2388
L000560,"Larsen, Rick",True,12,2001,1965,164,3384
M001228,"Maloy, Celeste",True,1,2023,1981,14,66
M001227,"McClellan, Jennifer L.",True,1,2023,1972,17,373
S001224,"Self, Keith",True,1,2023,1953,25,292
O000175,"Ogles, Andrew",True,1,2023,1971,143,376
M001224,"Moran, Nathaniel",True,1,2023,1974,20,208
L000603,"Luttrell, Morgan",True,1,2023,1975,21,137
K000399,"Kiggans, Jennifer A.",True,1,2023,1971,24,265
H001095,"Hunt, Wesley",True,1,2023,1981,6,147
F000478,"Fry, Russell",True,1,2023,1985,12,218
D000594,"De La Cruz, Monica",True,1,2023,1974,22,297
C001130,"Crockett, Jasmine",True,1,2023,1981,19,600
C001131,"Casar, Greg",True,1,2023,1989,6,361
E000071,"Ellzey, Jake",True,2,2021,1970,7,479
V000134,"Van Duyne, Beth",True,2,2021,1970,61,524
P000048,"Pfluger, August",True,2,2021,1977,95,527
O000086,"Owens, Burgess",True,2,2021,1951,37,585
N000026,"Nehls, Troy E.",True,2,2021,1968,59,479
M001213,"Moore, Blake D.",True,2,2021,1980,51,364
M000194,"Mace, Nancy",True,2,2021,1977,87,803
J000304,"Jackson, Ronny",True,2,2021,1967,66,785
H001086,"Harshbarger, Diana",True,2,2021,1960,43,593
G000594,"Gonzales, Tony",True,2,2021,1980,56,395
F000246,"Fallon, Pat",True,2,2021,1967,40,501
A000376,"Allred, Colin Z.",True,3,2019,1983,46,1290
G000587,"Garcia, Sylvia R.",True,3,2019,1950,67,1359
R000614,"Roy, Chip",True,3,2019,1972,159,1041
E000299,"Escobar, Veronica",True,3,2019,1969,56,1203
F000468,"Fletcher, Lizzie",True,3,2019,1975,46,865
G000589,"Gooden, Lance",True,3,2019,1982,55,850
C001120,"Crenshaw, Dan",True,3,2019,1984,73,951
G000590,"Green, Mark E.",True,3,2019,1964,95,530
R000612,"Rose, John W.",True,3,2019,1965,28,508
B001309,"Burchett, Tim",True,3,2019,1964,81,577
J000301,"Johnson, Dusty",True,3,2019,1976,94,571
T000480,"Timmons, William R.",True,3,2019,1984,24,741
C001115,"Cloud, Michael",True,4,2018,1975,47,614
C001114,"Curtis, John R.",True,4,2017,1960,131,690
N000190,"Norman, Ralph",True,4,2017,1953,151,1816
A000375,"Arrington, Jodey C.",True,4,2017,1972,123,669
G000581,"Gonzalez, Vicente",True,4,2017,1967,43,1382
K000392,"Kustoff, David",True,4,2017,1966,78,740
B001291,"Babin, Brian",True,5,2015,1948,88,1941
V000131,"Veasey, Marc A.",True,6,2013,1971,110,2166
W000816,"Williams, Roger",True,6,2013,1949,102,1173
C001091,"Castro, Joaquin",True,6,2013,1974,157,1408
W000814,"Weber, Randy K.",True,6,2013,1953,83,2579
W000804,"Wittman, Robert J.",True,9,2007,1959,183,2582
D000616,"DesJarlais, Scott",True,7,2011,1964,51,1390
F000459,"Fleischmann, Charles J. ""Chuck""",True,7,2011,1962,41,1238
D000615,"Duncan, Jeff",True,7,2011,1966,127,2452
C001068,"Cohen, Steve",True,9,2007,1949,427,7766
S000250,"Sessions, Pete",True,13,1997,1955,436,4394
G000377,"Granger, Kay",True,14,1997,1943,101,1957
S000185,"Scott, Robert C. ""Bobby""",True,16,1993,1947,313,4315
C001063,"Cuellar, Henry",True,10,2005,1955,120,2310
M001157,"McCaul, Michael T.",True,10,2005,1962,245,3069
G000553,"Green, Al",True,10,2005,1947,319,3638
C001051,"Carter, John R.",True,11,2003,1941,136,2194
B001248,"Burgess, Michael C.",True,11,2003,1950,435,2570
W000795,"Wilson, Joe",True,12,2001,1947,312,4418
D000399,"Doggett, Lloyd",True,15,1995,1946,241,3352
J000032,"Jackson Lee, Sheila",False,15,1995,1950,1109,9690
K000402,"Kennedy, Timothy M.",True,1,2024,1976,2,109
A000380,"Amo, Gabe",True,1,2023,1987,1,216
W000828,"Williams, Brandon",True,1,2023,1967,16,298
S001223,"Sykes, Emilia Strong",True,1,2023,1986,20,196
S001226,"Salinas, Andrea",True,1,2023,1969,20,564
M001221,"Molinaro, Marcus J.",True,1,2023,1975,56,412
M001222,"Miller, Max L.",True,1,2023,1988,18,197
M001223,"Magaziner, Seth",True,1,2023,1983,18,488
L000602,"Lee, Summer L.",True,1,2023,1987,8,419
L000599,"Lawler, Michael",True,1,2023,1986,68,1171
L000600,"Langworthy, Nicholas A.",True,1,2023,1981,28,329
L000601,"Landsman, Greg",True,1,2023,1976,12,357
H001094,"Hoyle, Val T.",True,1,2023,1964,10,297
D000530,"Deluzio, Christopher R.",True,1,2023,1984,16,434
C001135,"Chavez-DeRemer, Lori",True,1,2023,1968,21,350
B001317,"Brecheen, Josh",True,1,2023,1979,31,244
R000579,"Ryan, Patrick",True,2,2022,1982,20,357
C001126,"Carey, Mike",True,2,2021,1971,30,371
B001313,"Brown, Shontel M.",True,2,2021,1975,18,628
B001223,"Bowman, Jamaal",True,2,2021,1976,36,1088
B000740,"Bice, Stephanie I.",True,2,2021,1973,49,557
B000668,"Bentz, Cliff",True,2,2021,1952,14,242
R000610,"Reschenthaler, Guy",True,3,2019,1983,51,1088
J000302,"Joyce, John",True,3,2019,1957,39,667
M001204,"Meuser, Daniel",True,3,2019,1964,47,906
H001085,"Houlahan, Chrissy",True,3,2019,1967,84,1188
D000631,"Dean, Madeleine",True,3,2019,1959,97,1689
W000826,"Wild, Susan",True,4,2018,1957,75,1864
H001082,"Hern, Kevin",True,4,2018,1961,52,622
M001206,"Morelle, Joseph D.",True,4,2018,1957,104,1508
S001205,"Scanlon, Mary Gay",True,4,2018,1959,91,1775
B001306,"Balderson, Troy",True,4,2018,1962,37,888
G000582,"González-Colón, Jenniffer",True,4,2017,1976,165,1112
S001199,"Smucker, Lloyd",True,4,2017,1964,75,814
F000466,"Fitzpatrick, Brian K.",True,4,2017,1973,164,4357
T000478,"Tenney, Claudia",True,3,2017,1961,143,1198
E000296,"Evans, Dwight",True,5,2016,1954,49,2509
D000626,"Davidson, Warren",True,5,2016,1970,110,686
B001296,"Boyle, Brendan F.",True,5,2015,1977,111,1997
S001196,"Stefanik, Elise M.",True,5,2015,1984,167,2053
C001090,"Cartwright, Matt",True,6,2013,1961,365,2882
P000605,"Perry, Scott",True,6,2013,1962,271,1442
J000295,"Joyce, David P.",True,6,2013,1957,116,1679
B001281,"Beatty, Joyce",True,6,2013,1950,153,2786
W000815,"Wenstrup, Brad R.",True,6,2013,1958,107,1258
B001278,"Bonamici, Suzanne",True,7,2012,1954,218,3462
L000566,"Latta, Robert E.",True,9,2007,1956,221,2218
K000376,"Kelly, Mike",True,7,2011,1948,151,2104
J000289,"Jordan, Jim",True,9,2007,1964,54,1302
T000467,"Thompson, Glenn",True,8,2009,1959,128,2159
T000469,"Tonko, Paul",True,8,2009,1949,193,4009
B000574,"Blumenauer, Earl",True,15,1995,1948,499,8050
L000491,"Lucas, Frank D.",True,16,1993,1960,108,2057
C001053,"Cole, Tom",True,11,2003,1949,209,3164
T000463,"Turner, Michael R.",True,11,2003,1960,182,1996
K000009,"Kaptur, Marcy",True,21,1983,1946,492,10008
V000136,"Vasquez, Gabe",True,1,2023,1984,29,229
N000194,"Nickel, Wiley",True,1,2023,1975,11,412
M001226,"Menendez, Robert",True,1,2023,1985,9,242
L000598,"LaLota, Nick",True,1,2023,1978,31,331
K000398,"Kean, Thomas H.",True,1,2023,1968,27,364
J000308,"Jackson, Jeff",True,1,2023,1982,13,213
G000599,"Goldman, Daniel S.",True,1,2023,1976,19,605
E000246,"Edwards, Chuck",True,1,2023,1960,26,262
D000632,"D'Esposito, Anthony",True,1,2023,1982,34,398
F000474,"Flood, Mike",True,2,2022,1975,15,239
S001218,"Stansbury, Melanie A.",True,2,2021,1979,22,1027
T000486,"Torres, Ritchie",True,2,2021,1988,108,879
M001135,"Manning, Kathy E.",True,2,2021,1956,24,728
M000317,"Malliotakis, Nicole",True,2,2021,1980,78,700
L000273,"Leger Fernandez, Teresa",True,2,2021,1959,63,577
G000597,"Garbarino, Andrew R.",True,2,2021,1984,55,778
B001311,"Bishop, Dan",True,3,2019,1964,41,606
O000172,"Ocasio-Cortez, Alexandria",True,3,2019,1989,62,1232
L000590,"Lee, Susie",True,3,2019,1966,74,941
S001207,"Sherrill, Mikie",True,3,2019,1972,90,1188
K000394,"Kim, Andy",True,3,2019,1982,92,1452
V000133,"Van Drew, Jefferson",True,3,2019,1953,109,1652
P000614,"Pappas, Chris",True,3,2019,1980,119,1697
A000377,"Armstrong, Kelly",True,3,2019,1976,40,590
E000297,"Espaillat, Adriano",True,4,2017,1954,185,2561
S001201,"Suozzi, Thomas R.",True,4,2017,1962,57,2150
G000583,"Gottheimer, Josh",True,4,2017,1975,110,2289
B001298,"Bacon, Don",True,4,2017,1963,143,2171
W000822,"Watson Coleman, Bonnie",True,5,2015,1945,150,3416
R000603,"Rouzer, David",True,5,2015,1972,69,1430
N000188,"Norcross, Donald",True,6,2014,1958,85,1511
A000370,"Adams, Alma S.",True,6,2014,1946,155,2018
J000294,"Jeffries, Hakeem S.",True,6,2013,1970,128,1554
H001066,"Horsford, Steven",True,4,2013,1973,81,1333
K000382,"Kuster, Ann M.",True,6,2013,1956,161,3515
H001067,"Hudson, Richard",True,6,2013,1971,124,1494
A000369,"Amodei, Mark E.",True,7,2011,1958,95,1432
C001067,"Clarke, Yvette D.",True,9,2007,1964,181,5350
S001172,"Smith, Adrian",True,9,2007,1970,111,1548
T000468,"Titus, Dina",True,7,2009,1950,196,3689
P000034,"Pallone, Frank",True,19,1987,1951,557,6477
P000096,"Pascrell, Bill",False,14,1997,1937,357,4932
M001137,"Meeks, Gregory W.",True,14,1997,1953,196,5600
V000081,"Velázquez, Nydia M.",True,16,1993,1953,453,5194
S000522,"Smith, Christopher H.",True,22,1981,1953,883,7417
N000002,"Nadler, Jerrold",True,17,1991,1947,526,7154
M001156,"McHenry, Patrick T.",True,10,2005,1975,136,1483
F000450,"Foxx, Virginia",True,10,2005,1943,227,1654
T000488,"Thanedar, Shri",True,1,2023,1955,26,520
S001221,"Scholten, Hillary J.",True,1,2023,1982,11,304
J000307,"James, John",True,1,2023,1981,35,159
I000058,"Ivey, Glenn",True,1,2023,1961,7,358
F000477,"Foushee, Valerie P.",True,1,2023,1956,7,334
E000235,"Ezell, Mike",True,1,2023,1959,12,196
D000230,"Davis, Donald G.",True,1,2023,1971,24,776
B001316,"Burlison, Eric",True,1,2023,1976,24,237
A000379,"Alford, Mark",True,1,2023,1963,24,179
F000475,"Finstad, Brad",True,2,2022,1976,31,395
R000305,"Ross, Deborah K.",True,2,2021,1963,49,1192
R000103,"Rosendale, Matthew M.",True,2,2021,1960,92,1019
M001136,"McClain, Lisa C.",True,2,2021,1966,51,425
F000470,"Fischbach, Michelle",True,2,2021,1965,42,358
B001224,"Bush, Cori",True,2,2021,1976,39,718
A000148,"Auchincloss, Jake",True,2,2021,1988,11,745
M001210,"Murphy, Gregory F.",True,3,2019,1963,78,625
G000592,"Golden, Jared F.",True,3,2019,1982,72,679
G000591,"Guest, Michael",True,3,2019,1970,41,845
S001212,"Stauber, Pete",True,3,2019,1966,73,936
O000173,"Omar, Ilhan",True,3,2019,1982,105,1739
P000616,"Phillips, Dean",True,3,2019,1969,83,1544
C001119,"Craig, Angie",True,3,2019,1972,96,1569
T000481,"Tlaib, Rashida",True,3,2019,1976,94,2205
S001215,"Stevens, Haley M.",True,3,2019,1983,68,1179
S001208,"Slotkin, Elissa",True,3,2019,1976,158,1250
T000483,"Trone, David J.",True,3,2019,1955,105,2561
P000617,"Pressley, Ayanna",True,3,2019,1974,113,1562
T000482,"Trahan, Lori",True,3,2019,1973,58,1250
B001301,"Bergman, Jack",True,4,2017,1947,77,796
R000606,"Raskin, Jamie",True,4,2017,1962,104,3360
K000388,"Kelly, Trent",True,5,2015,1966,55,936
Z000018,"Zinke, Ryan K.",True,3,2015,1961,41,555
E000294,"Emmer, Tom",True,5,2015,1961,119,1101
D000624,"Dingell, Debbie",True,5,2015,1953,196,2423
M001194,"Moolenaar, John R.",True,5,2015,1961,58,1263
M001196,"Moulton, Seth",True,5,2015,1978,88,2509
C001101,"Clark, Katherine M.",True,6,2013,1963,82,1810
W000812,"Wagner, Ann",True,6,2013,1962,115,1466
K000380,"Kildee, Daniel T.",True,6,2013,1958,144,2224
S001195,"Smith, Jason",True,6,2013,1980,116,1050
H001058,"Huizenga, Bill",True,7,2011,1969,137,1498
H001052,"Harris, Andy",True,7,2011,1957,44,1639
K000375,"Keating, William R.",True,7,2011,1952,148,2552
S001177,"Sablan, Gregorio Kilili Camacho",True,8,2009,1955,155,1804
W000798,"Walberg, Tim",True,8,2007,1951,199,2001
S001168,"Sarbanes, John P.",True,9,2007,1962,104,2239
L000569,"Luetkemeyer, Blaine",True,8,2009,1952,230,1899
P000597,"Pingree, Chellie",True,8,2009,1955,155,4236
M000312,"McGovern, James P.",True,14,1997,1959,402,11284
T000193,"Thompson, Bennie G.",True,16,1993,1948,239,5111
N000015,"Neal, Richard E.",True,18,1989,1949,233,4550
M000687,"Mfume, Kweisi",True,8,1987,1948,78,2546
C001061,"Cleaver, Emanuel",True,10,2005,1944,208,3820
R000576,"Ruppersberger, C. A. Dutch",True,11,2003,1946,94,3127
L000562,"Lynch, Stephen F.",True,12,2001,1955,240,3990
G000546,"Graves, Sam",True,12,2001,1963,253,1955
M001143,"McCollum, Betty",True,12,2001,1954,161,6528
H000874,"Hoyer, Steny H.",True,22,1981,1939,374,3947
T000487,"Tokuda, Jill N.",True,1,2023,1976,32,967
S001225,"Sorensen, Eric",True,1,2023,1976,11,288
R000617,"Ramirez, Delia C.",True,1,2023,1983,10,462
N000193,"Nunn, Zachary",True,1,2023,1979,58,394
M001219,"Moylan, James C.",True,1,2023,1962,30,311
M001220,"McGarvey, Morgan",True,1,2023,1979,19,317
M001218,"McCormick, Richard",True,1,2023,1968,34,237
J000309,"Jackson, Jonathan L.",True,1,2023,1966,6,484
H001093,"Houchin, Erin",True,1,2023,1976,20,258
C001129,"Collins, Mike",True,1,2023,1967,13,155
B001315,"Budzinski, Nikki",True,1,2023,1977,14,421
Y000067,"Yakym, Rudy",True,2,2022,1984,19,264
C001125,"Carter, Troy A.",True,2,2021,1963,43,788
L000595,"Letlow, Julia",True,2,2021,1981,12,304
S000929,"Spartz, Victoria",True,2,2021,1978,30,264
M001215,"Miller-Meeks, Mariannette",True,2,2021,1955,73,933
M001214,"Mrvan, Frank J.",True,2,2021,1969,14,464
M001211,"Miller, Mary E.",True,2,2021,1959,49,948
M000871,"Mann, Tracey",True,2,2021,1976,47,834
L000266,"LaTurner, Jake",True,2,2021,1988,19,519
H001091,"Hinson, Ashley",True,2,2021,1983,59,660
G000596,"Greene, Marjorie Taylor",True,2,2021,1974,82,331
F000446,"Feenstra, Randy",True,2,2021,1969,67,564
C001116,"Clyde, Andrew S.",True,2,2021,1963,41,370
D000629,"Davids, Sharice",True,3,2019,1980,41,1036
P000615,"Pence, Greg",True,3,2019,1956,32,407
B001307,"Baird, James R.",True,3,2019,1945,28,833
U000040,"Underwood, Lauren",True,3,2019,1986,90,823
C001117,"Casten, Sean",True,3,2019,1971,81,1415
G000586,"García, Jesús G. ""Chuy""",True,3,2019,1956,64,1978
F000469,"Fulcher, Russ",True,3,2019,1962,32,437
M001208,"McBath, Lucy",True,3,2019,1960,52,1029
E000298,"Estes, Ron",True,4,2017,1956,48,601
J000299,"Johnson, Mike",True,4,2017,1972,66,667
H001077,"Higgins, Clay",True,4,2017,1961,111,818
B001299,"Banks, Jim",True,4,2017,1979,160,1118
K000391,"Krishnamoorthi, Raja",True,4,2017,1973,127,1882
C001108,"Comer, James",True,5,2016,1972,38,533
L000585,"LaHood, Darin",True,5,2015,1968,102,890
G000577,"Graves, Garret",True,5,2015,1972,102,662
B001295,"Bost, Mike",True,5,2015,1960,111,1353
A000372,"Allen, Rick W.",True,5,2015,1951,51,1226
L000583,"Loudermilk, Barry",True,5,2015,1963,57,897
B001282,"Barr, Andy",True,6,2013,1973,158,1503
S001190,"Schneider, Bradley Scott",True,5,2013,1961,180,1670
M001184,"Massie, Thomas",True,7,2012,1971,90,776
B001275,"Bucshon, Larry",True,7,2011,1962,93,1469
S001189,"Scott, Austin",True,7,2011,1969,64,1487
Q000023,"Quigley, Mike",True,8,2009,1958,182,3274
G000558,"Guthrie, Brett",True,8,2009,1964,127,1666
S001176,"Scalise, Steve",True,9,2008,1965,107,976
F000454,"Foster, Bill",True,8,2008,1955,249,2331
C001072,"Carson, André",True,9,2008,1974,152,5385
K000385,"Kelly, Robin L.",True,6,2013,1956,134,2292
S001148,"Simpson, Michael K.",True,13,1999,1950,155,2123
S001145,"Schakowsky, Janice D.",True,13,1999,1944,417,9684
D000096,"Davis, Danny K.",True,14,1997,1941,384,7077
R000395,"Rogers, Harold",True,22,1981,1937,141,2827
S001157,"Scott, David",True,11,2003,1945,95,3333
C001055,"Case, Ed",True,6,2002,1952,104,2667
P000620,"Pettersen, Brittany",True,1,2023,1981,22,445
M001217,"Moskowitz, Jared",True,1,2023,1980,14,453
M001216,"Mills, Cory",True,1,2023,1980,19,214
L000596,"Luna, Anna Paulina",True,1,2023,1989,42,263
L000597,"Lee, Laurel M.",True,1,2023,1974,12,175
G000598,"Garcia, Robert",True,1,2023,1977,24,335
C001134,"Caraveo, Yadira",True,1,2023,1980,34,574
B001314,"Bean, Aaron",True,1,2023,1967,17,200
C001127,"Cherfilus-McCormick, Sheila",True,2,2022,1979,24,800
K000397,"Kim, Young",True,2,2021,1962,56,687
W000788,"Williams, Nikema",True,2,2021,1978,94,1473
S001135,"Steel, Michelle",True,2,2021,1955,64,417
S000168,"Salazar, Maria Elvira",True,2,2021,1961,51,953
J000305,"Jacobs, Sara",True,2,2021,1989,47,983
G000593,"Gimenez, Carlos A.",True,2,2021,1954,45,609
F000472,"Franklin, C. Scott",True,2,2021,1964,31,592
D000032,"Donalds, Byron",True,2,2021,1978,118,1025
C001039,"Cammack, Kat",True,2,2021,1988,45,554
B000825,"Boebert, Lauren",True,2,2021,1986,127,641
S001214,"Steube, W. Gregory",True,3,2019,1978,163,1345
W000823,"Waltz, Michael",True,3,2019,1974,76,854
H001081,"Hayes, Jahana",True,3,2019,1973,86,2305
C001121,"Crow, Jason",True,3,2019,1979,124,1304
N000191,"Neguse, Joe",True,3,2019,1984,262,2008
L000593,"Levin, Mike",True,3,2019,1978,97,1415
P000618,"Porter, Katie",True,3,2019,1974,177,1814
F000465,"Ferguson, A. Drew",True,4,2017,1966,39,772
M001199,"Mast, Brian J.",True,4,2017,1980,113,1113
S001200,"Soto, Darren",True,4,2017,1978,136,3052
R000609,"Rutherford, John H.",True,4,2017,1952,40,1410
D000628,"Dunn, Neal P.",True,4,2017,1953,62,952
G000578,"Gaetz, Matt",True,4,2017,1982,91,1723
B001303,"Blunt Rochester, Lisa",True,4,2017,1962,101,2070
C001110,"Correa, J. Luis",True,4,2017,1958,95,1506
B001300,"Barragán, Nanette Diaz",True,4,2017,1976,92,2552
C001103,"Carter, Earl L. ""Buddy""",True,5,2015,1957,145,1511
F000462,"Frankel, Lois",True,6,2013,1948,85,1950
P000608,"Peters, Scott H.",True,6,2013,1958,205,2995
V000130,"Vargas, Juan",True,6,2013,1961,76,2730
T000472,"Takano, Mark",True,6,2013,1960,201,3489
W000808,"Wilson, Frederica S.",True,7,2011,1942,149,3452
W000806,"Webster, Daniel",True,7,2011,1949,49,1073
J000288,"Johnson, Henry C. ""Hank""",True,9,2007,1954,234,5111
B001260,"Buchanan, Vern",True,9,2007,1951,166,1642
C001066,"Castor, Kathy",True,9,2007,1966,186,3270
B001257,"Bilirakis, Gus M.",True,9,2007,1963,267,2714
C001069,"Courtney, Joe",True,9,2007,1953,173,3462
L000564,"Lamborn, Doug",True,9,2007,1954,183,3009
P000599,"Posey, Bill",True,8,2009,1947,230,2892
H001047,"Himes, James A.",True,8,2009,1966,106,2358
L000557,"Larson, John B.",True,13,1999,1948,242,3958
D000197,"DeGette, Diana",True,14,1997,1957,234,4180
W000187,"Waters, Maxine",True,17,1991,1938,563,4517
B000490,"Bishop, Sanford D.",True,16,1993,1947,135,5934
N000147,"Norton, Eleanor Holmes",True,17,1991,1937,1028,15421
W000797,"Wasserman Schultz, Debbie",True,10,2005,1966,149,4014
D000600,"Diaz-Balart, Mario",True,11,2003,1961,98,2098
I000056,"Issa, Darrell",True,11,2001,1953,340,2349
C000059,"Calvert, Ken",True,16,1993,1953,251,4994
D000216,"DeLauro, Rosa L.",True,17,1991,1943,597,6277
M001225,"Mullin, Kevin",True,1,2023,1970,6,530
K000401,"Kiley, Kevin",True,1,2023,1985,18,145
K000400,"Kamlager-Dove, Sydney",True,1,2023,1972,28,426
D000633,"Duarte, John S.",True,1,2023,1966,12,163
C001133,"Ciscomani, Juan",True,1,2023,1982,29,309
O000019,"Obernolte, Jay",True,2,2021,1970,38,484
G000061,"Garcia, Mike",True,3,2020,1976,34,365
H001090,"Harder, Josh",True,3,2019,1986,108,1458
S001211,"Stanton, Greg",True,3,2019,1970,52,784
L000589,"Lesko, Debbie",True,4,2018,1958,107,1285
G000585,"Gomez, Jimmy",True,4,2017,1974,68,1401
C001112,"Carbajal, Salud O.",True,4,2017,1964,107,2216
B001302,"Biggs, Andy",True,4,2017,1958,812,1223
P000613,"Panetta, Jimmy",True,4,2017,1969,162,2386
K000389,"Khanna, Ro",True,4,2017,1976,132,3147
T000474,"Torres, Norma J.",True,5,2015,1965,152,1477
L000582,"Lieu, Ted",True,5,2015,1969,224,3391
A000371,"Aguilar, Pete",True,5,2015,1979,70,1737
D000623,"DeSaulnier, Mark",True,5,2015,1952,190,3270
G000574,"Gallego, Ruben",True,5,2015,1979,129,2330
W000821,"Westerman, Bruce",True,5,2015,1967,78,1053
R000600,"Radewagen, Aumua Amata Coleman",True,5,2015,1947,36,793
R000599,"Ruiz, Raul",True,6,2013,1972,246,1687
C001097,"Cárdenas, Tony",True,6,2013,1963,187,3073
B001285,"Brownley, Julia",True,6,2013,1952,247,3398
V000129,"Valadao, David G.",True,5,2013,1977,48,1491
S001193,"Swalwell, Eric",True,6,2013,1980,95,2945
B001287,"Bera, Ami",True,6,2013,1965,92,1616
H001068,"Huffman, Jared",True,6,2013,1964,201,3419
L000578,"LaMalfa, Doug",True,6,2013,1960,110,2239
G000559,"Garamendi, John",True,8,2009,1945,222,3265
C001080,"Chu, Judy",True,8,2009,1953,213,4643
S001183,"Schweikert, David",True,7,2011,1962,157,1422
G000565,"Gosar, Paul A.",True,7,2011,1958,344,2442
M001177,"McClintock, Tom",True,8,2009,1956,130,1823
M001163,"Matsui, Doris O.",True,10,2005,1944,262,4130
P000197,"Pelosi, Nancy",True,19,1987,1940,199,4979
N000179,"Napolitano, Grace F.",True,13,1999,1936,99,6460
T000460,"Thompson, Mike",True,13,1999,1951,337,3996
S000344,"Sherman, Brad",True,14,1997,1954,216,4978
L000551,"Lee, Barbara",True,14,1997,1946,661,10477
C001059,"Costa, Jim",True,10,2005,1952,154,3412
G000551,"Grijalva, Raúl M.",True,11,2003,1948,397,10573
S001156,"Sánchez, Linda T.",True,11,2003,1969,229,4501
S001150,"Schiff, Adam B.",True,12,2001,1960,323,5257
E000215,"Eshoo, Anna G.",True,16,1993,1942,260,6136
L000397,"Lofgren, Zoe",True,15,1995,1947,351,7976
S001220,"Strong, Dale W.",True,1,2023,1970,10,103
P000619,"Peltola, Mary Sattler",True,2,2022,1973,36,315
C001054,"Carl, Jerry L.",True,2,2021,1958,17,428
M001212,"Moore, Barry",True,2,2021,1966,34,682
H001072,"Hill, J. French",True,5,2015,1956,115,974
P000609,"Palmer, Gary J.",True,5,2015,1954,81,563
W000809,"Womack, Steve",True,7,2011,1957,52,1081
C001087,"Crawford, Eric A. ""Rick""",True,7,2011,1966,125,1500
S001185,"Sewell, Terri A.",True,7,2011,1965,108,2603
A000055,"Aderholt, Robert B.",True,14,1997,1965,90,2143
R000575,"Rogers, Mike D.",True,11,2003,1958,91,1856
S001191,"Sinema, Kyrsten",True,6,2013,1976,178,2398
M001183,"Manchin, Joe, III",True,8,2010,1947,535,1875
M001165,"McCarthy, Kevin",False,9,2007,1965,133,628
C000116,"Cannon, Chris",False,6,1997,1950,108,1062
H001038,"Higgins, Brian",False,10,2005,1959,132,3561
W000800,"Welch, Peter",True,9,2007,1947,402,4721
V000137,"Vance, J. D.",True,1,2023,1984,57,289
S001227,"Schmitt, Eric",True,1,2023,1975,39,204
R000618,"Ricketts, Pete",True,1,2023,1964,40,361
M001190,"Mullin, Markwayne",True,6,2013,1977,132,1415
K000377,"Kelly, Mark",True,3,2020,1964,124,754
H001079,"Hyde-Smith, Cindy",True,4,2018,1959,116,1190
F000479,"Fetterman, John",True,1,2023,1969,39,445
B001320,"Butler, Laphonza R.",True,1,2023,1979,31,299
B001319,"Britt, Katie Boyd",True,1,2023,1982,19,340
B001305,"Budd, Ted",True,4,2017,1971,190,1569
H001061,"Hoeven, John",True,7,2011,1957,466,1788
G000352,"Graham, Bob",False,9,1987,1936,877,2376
D000210,"Delahunt, Bill",False,7,1997,1941,88,2593
L000304,"Lieberman, Joseph I.",False,12,1989,1942,861,4967
E000268,"Everett, Terry",False,8,1993,1937,33,1011
Y000064,"Young, Todd",True,7,2011,1972,350,1857
W000779,"Wyden, Ron",True,23,1981,1949,1760,7929
W000790,"Warnock, Raphael G.",True,2,2021,1969,147,808
W000817,"Warren, Elizabeth",True,6,2013,1949,620,3784
W000802,"Whitehouse, Sheldon",True,9,2007,1955,613,4380
W000805,"Warner, Mark R.",True,8,2009,1954,611,2111
W000437,"Wicker, Roger F.",True,16,1995,1951,695,4201
V000128,"Van Hollen, Chris",True,11,2003,1959,430,6081
T000278,"Tuberville, Tommy",True,2,2021,1954,245,425
S001203,"Smith, Tina",True,4,2018,1958,268,2284
T000476,"Tillis, Thomas",True,5,2015,1960,602,2200
S001198,"Sullivan, Dan",True,5,2015,1964,430,1472
T000464,"Tester, Jon",True,9,2007,1956,790,3074
T000250,"Thune, John",True,13,1997,1961,935,2720
S000770,"Stabenow, Debbie",True,14,1997,1950,730,5411
S001217,"Scott, Rick",True,3,2019,1952,457,1324
S001194,"Schatz, Brian",True,7,2012,1972,571,1945
S001184,"Scott, Tim",True,7,2011,1965,374,1715
S001181,"Shaheen, Jeanne",True,8,2009,1947,906,3698
S000148,"Schumer, Charles E.",True,22,1981,1950,2357,7835
S000033,"Sanders, Bernard",True,17,1991,1941,1087,7401
R000615,"Romney, Mitt",True,3,2019,1947,142,483
R000608,"Rosen, Jacky",True,4,2017,1957,271,2085
R000605,"Rounds, Mike",True,5,2015,1954,319,1589
R000595,"Rubio, Marco",True,7,2011,1971,1465,3272
R000584,"Risch, James E.",True,8,2009,1943,540,2484
P000145,"Padilla, Alex",True,2,2021,1973,272,1378
O000174,"Ossoff, Jon",True,2,2021,1987,180,526
P000603,"Paul, Rand",True,7,2011,1963,991,1044
M001169,"Murphy, Christopher",True,9,2007,1973,469,3146
P000595,"Peters, Gary C.",True,8,2009,1958,670,3109
M001111,"Murray, Patty",True,16,1993,1950,1094,6059
M001153,"Murkowski, Lisa",True,11,2003,1957,1118,3353
M001198,"Marshall, Roger",True,4,2017,1960,422,1500
M001176,"Merkley, Jeff",True,8,2009,1956,932,4229
M000934,"Moran, Jerry",True,14,1997,1954,665,3593
M000639,"Menendez, Robert",False,17,1993,1954,1954,5703
M000133,"Markey, Edward J.",True,25,1977,1946,1437,9650
M000355,"McConnell, Mitch",True,20,1985,1942,1278,2767
K000393,"Kennedy, John",True,4,2017,1951,524,947
K000383,"King, Angus S., Jr.",True,6,2013,1944,327,2666
K000367,"Klobuchar, Amy",True,9,2007,1960,1247,4923
L000577,"Lee, Mike",True,7,2011,1971,1849,1542
L000575,"Lankford, James",True,7,2011,1968,551,2013
L000571,"Lummis, Cynthia M.",True,6,2009,1954,181,1871
L000570,"Lujan, Ben Ray",True,8,2009,1972,333,2716
H000273,"Hickenlooper, John W.",True,2,2021,1952,108,607
K000384,"Kaine, Tim",True,6,2013,1958,368,2317
J000293,"Johnson, Ron",True,7,2011,1955,564,1266
H001042,"Hirono, Mazie K.",True,9,2007,1947,588,4473
H001046,"Heinrich, Martin",True,8,2009,1971,421,2816
H000601,"Hagerty, Bill",True,2,2021,1959,277,649
H001089,"Hawley, Josh",True,3,2019,1979,255,771
H001076,"Hassan, Margaret Wood",True,4,2017,1958,281,2121
F000463,"Fischer, Deb",True,6,2013,1951,303,1369
G000555,"Gillibrand, Kirsten E.",True,10,2007,1966,827,4692
G000386,"Grassley, Chuck",True,25,1975,1933,2342,7298
G000359,"Graham, Lindsey",True,15,1995,1955,710,3449
E000295,"Ernst, Joni",True,5,2015,1970,530,1679
C001098,"Cruz, Ted",True,6,2013,1970,906,1787
C001096,"Cramer, Kevin",True,6,2013,1961,213,2910
D000618,"Daines, Steve",True,6,2013,1962,536,2134
D000622,"Duckworth, Tammy",True,6,2013,1968,453,2710
D000563,"Durbin, Richard J.",True,21,1983,1944,1940,9909
C000880,"Crapo, Mike",True,16,1993,1951,579,4073
C001113,"Cortez Masto, Catherine",True,4,2017,1964,458,1825
C001095,"Cotton, Tom",True,6,2013,1977,459,1730
C001070,"Casey, Robert P., Jr.",True,9,2007,1960,1250,4111
C001088,"Coons, Christopher A.",True,8,2010,1963,624,3530
C001075,"Cassidy, Bill",True,8,2009,1957,563,2138
C001035,"Collins, Susan M.",True,14,1997,1952,1148,6247
C001056,"Cornyn, John",True,12,2002,1952,1408,3698
C000174,"Carper, Thomas R.",True,17,1983,1947,793,4548
C001047,"Capito, Shelley Moore",True,12,2001,1953,361,3592
C000141,"Cardin, Benjamin L.",True,19,1987,1943,1342,6234
C000127,"Cantwell, Maria",True,13,1993,1958,902,4005
B000944,"Brown, Sherrod",True,16,1993,1952,1458,8057
B001310,"Braun, Mike",True,3,2019,1954,454,1768
B001288,"Booker, Cory A.",True,6,2013,1969,726,3404
B001277,"Blumenthal, Richard",True,7,2011,1946,902,5333
B001261,"Barrasso, John",True,9,2007,1952,638,2209
B001267,"Bennet, Michael F.",True,8,2009,1964,613,2791
B001243,"Blackburn, Marsha",True,11,2003,1952,590,4329
B001236,"Boozman, John",True,12,2001,1950,375,3956
B001230,"Baldwin, Tammy",True,13,1999,1962,649,6379
M001200,"McEachin, A. Donald",False,3,2017,1961,70,976
S001222,"Santos, George",False,1,2023,1988,43,153
S001192,"Stewart, Chris",True,6,2013,1960,95,1158
C001043,"Carnahan, Jean",False,1,2001,1933,51,260
J000126,"Johnson, Eddie Bernice",False,15,1993,1935,347,5700
K000305,"Kohl, Herb",False,12,1989,1935,644,2655
B000556,"Bliley, Tom",False,10,1981,1932,142,2958
F000062,"Feinstein, Dianne",False,17,1992,1933,2211,6727
S000094,"Sawyer, Tom",False,8,1987,1945,104,1809
B000420,"Berry, Marion",False,7,1997,1942,101,1436
S000851,"Stenholm, Charles W.",False,13,1979,1938,183,3167
S000394,"Shuster, Bud",False,15,1973,1932,142,1052
O000085,"Olver, John W.",False,11,1991,1936,62,3742
N000192,"Newman, Marie",False,1,2021,1964,21,660
M001186,"Meijer, Peter",False,1,2021,1988,11,331
K000396,"Kahele, Kaiali'i",False,1,2021,1974,17,483
J000306,"Jones, Mondaire",False,1,2021,1987,14,803
H001084,"Herrell, Yvette",False,1,2021,1964,25,364
C001104,"Cawthorn, Madison",False,1,2021,1995,50,383
B001312,"Bourdeaux, Carolyn",False,1,2021,1970,16,296
J000020,"Jacobs, Chris",False,2,2020,1966,29,293
K000395,"Keller, Fred",False,2,2019,1965,32,520
L000591,"Luria, Elaine G.",False,2,2019,1975,47,1003
T000479,"Taylor, Van",False,2,2019,1972,16,612
G000588,"Gonzalez, Anthony",False,2,2019,1984,36,515
M001203,"Malinowski, Tom",False,2,2019,1965,62,959
A000378,"Axne, Cynthia",False,2,2019,1965,81,1149
S001204,"San Nicolas, Michael F. Q.",False,2,2019,1981,31,871
L000588,"Lamb, Conor",False,3,2018,1984,58,750
C001109,"Cheney, Liz",False,3,2017,1966,83,473
B001304,"Brown, Anthony G.",False,3,2017,1961,154,1347
H001074,"Hollingsworth, Trey",False,3,2017,1983,27,264
D000627,"Demings, Val Butler",False,3,2017,1957,39,1257
M001202,"Murphy, Stephanie N.",False,3,2017,1978,67,1027
L000586,"Lawson, Al, Jr.",False,3,2017,1948,60,1253
O000171,"O'Halleran, Tom",False,3,2017,1946,125,1218
S001197,"Sasse, Ben",False,5,2015,1972,182,557
K000386,"Katko, John",False,4,2015,1962,134,1447
R000602,"Rice, Kathleen M.",False,4,2015,1965,99,1733
Z000017,"Zeldin, Lee M.",False,4,2015,1980,94,1006
L000581,"Lawrence, Brenda L.",False,4,2015,1954,80,1711
H001071,"Hice, Jody B.",False,4,2015,1960,63,1153
R000597,"Rice, Tom",False,5,2013,1957,80,826
M001185,"Maloney, Sean Patrick",False,5,2013,1966,145,1945
W000813,"Walorski, Jackie",False,5,2013,1963,89,1301
B001286,"Bustos, Cheri",False,5,2013,1961,91,1617
D000619,"Davis, Rodney",False,5,2013,1970,139,1905
L000579,"Lowenthal, Alan S.",False,5,2013,1941,112,3589
S001175,"Speier, Jackie",False,8,2008,1950,284,2898
S001165,"Sires, Albio",False,9,2005,1951,110,3882
R000585,"Reed, Tom",False,7,2010,1971,178,1203
M001180,"McKinley, David B.",False,6,2011,1947,230,2010
H001056,"Herrera Beutler, Jaime",False,6,2011,1978,63,973
G000563,"Gibbs, Bob",False,6,2011,1954,62,1444
P000601,"Palazzo, Steven M.",False,6,2011,1970,54,1342
L000576,"Long, Billy",False,6,2011,1955,46,1438
H001053,"Hartzler, Vicky",False,6,2011,1960,98,1753
K000378,"Kinzinger, Adam",False,6,2011,1978,115,1332
B001270,"Bass, Karen",False,6,2011,1953,167,2661
B001274,"Brooks, Mo",False,6,2011,1954,67,1403
Y000062,"Yarmuth, John A.",False,8,2007,1947,111,2445
P000593,"Perlmutter, Ed",False,8,2007,1953,138,2506
M001166,"McNerney, Jerry",False,8,2007,1951,192,2904
S001180,"Schrader, Kurt",False,7,2009,1951,133,1426
K000368,"Kirkpatrick, Ann",False,5,2009,1950,82,1581
P000523,"Price, David E.",False,17,1987,1940,201,5330
P000449,"Portman, Rob",False,13,1993,1955,726,2615
T000461,"Toomey, Patrick",False,9,1999,1961,541,1533
K000188,"Kind, Ron",False,13,1997,1963,317,4074
B000755,"Brady, Kevin",False,13,1997,1955,213,2156
B000575,"Blunt, Roy",False,13,1997,1950,431,3548
Y000033,"Young, Don",False,25,1973,1933,1199,6264
U000031,"Upton, Fred",False,18,1987,1953,228,4385
S000320,"Shelby, Richard C.",False,22,1979,1934,666,3694
R000515,"Rush, Bobby L.",False,15,1993,1946,328,6591
R000486,"Roybal-Allard, Lucille",False,15,1993,1941,164,5442
M000087,"Maloney, Carolyn B.",False,15,1993,1946,927,7984
L000174,"Leahy, Patrick J.",False,24,1975,1940,1768,7520
G000552,"Gohmert, Louie",False,9,2005,1953,194,2408
B001251,"Butterfield, G. K.",False,10,2004,1947,134,3098
R000577,"Ryan, Tim",False,10,2003,1973,217,4658
L000559,"Langevin, James R.",False,11,2001,1964,318,3944
C000754,"Cooper, Jim",False,16,1983,1954,144,3660
C000266,"Chabot, Steve",False,13,1995,1953,289,3208
B001135,"Burr, Richard",False,14,1995,1955,659,3063
D000482,"Doyle, Michael F.",False,14,1995,1953,104,4336
D000191,"DeFazio, Peter A.",False,18,1987,1947,599,8108
K000306,"Kolbe, Jim",False,11,1985,1942,181,2205
L000592,"Levin, Andy",False,2,2019,1960,88,995
S001219,"Sempolinski, Joseph",False,1,2022,1983,1,16
F000473,"Flores, Mayra",False,1,2022,1986,2,63
C001128,"Conway, Connie",False,1,2022,1950,1,48
L000594,"Loeffler, Kelly",False,2,2020,1970,57,210
W000827,"Wright, Ron",False,2,2019,1953,14,383
D000630,"Delgado, Antonio",False,2,2019,1977,60,671
H001080,"Haaland, Debra A.",False,2,2019,1960,55,947
H001088,"Hagedorn, Jim",False,2,2019,1962,12,407
C001111,"Crist, Charlie",False,3,2017,1956,69,1107
H001075,"Harris, Kamala D.",False,3,2017,1964,164,1197
V000132,"Vela, Filemon",False,5,2013,1963,55,1284
D000610,"Deutch, Theodore E.",False,7,2010,1966,173,2577
S001187,"Stivers, Steve",False,6,2011,1965,120,1987
R000588,"Richmond, Cedric L.",False,6,2011,1973,93,1337
F000455,"Fudge, Marcia L.",False,8,2008,1952,116,2193
F000449,"Fortenberry, Jeff",False,9,2005,1960,173,1725
N000181,"Nunes, Devin",False,10,2003,1973,125,1364
H000324,"Hastings, Alcee L.",False,15,1993,1936,530,8275
H001092,"Hall, Kwanza",False,1,2020,1971,6,13
R000611,"Riggleman, Denver",False,1,2019,1970,15,352
M001209,"McAdams, Ben",False,1,2019,1974,19,194
C001122,"Cunningham, Joe",False,1,2019,1982,34,217
H001083,"Horn, Kendra S.",False,1,2019,1976,36,382
B001308,"Brindisi, Anthony",False,1,2019,1978,28,387
R000613,"Rose, Max",False,1,2019,1986,36,503
T000484,"Torres Small, Xochitl",False,1,2019,1984,23,291
W000824,"Watkins, Steve",False,1,2019,1976,13,296
F000467,"Finkenauer, Abby",False,1,2019,1988,41,425
S001206,"Shalala, Donna E.",False,1,2019,1941,34,466
M001207,"Mucarsel-Powell, Debbie",False,1,2019,1971,24,477
S001210,"Spano, Ross",False,1,2019,1966,11,261
R000616,"Rouda, Harley",False,1,2019,1961,42,648
C001123,"Cisneros, Gilbert Ray, Jr.",False,1,2019,1971,19,836
H001087,"Hill, Katie",False,1,2019,1987,7,350
C001124,"Cox, TJ",False,1,2019,1963,28,609
J000303,"Jones, Brenda",False,1,2018,1959,2,4
J000300,"Jones, Doug",False,2,2018,1954,82,808
H001078,"Handel, Karen C.",False,1,2017,1962,5,118
G000584,"Gianforte, Greg",False,2,2017,1961,37,372
S001202,"Strange, Luther",False,1,2017,1953,20,93
G000580,"Garrett, Thomas A., Jr.",False,1,2017,1972,21,230
T000477,"Taylor, Scott",False,1,2017,1979,20,117
F000464,"Faso, John J.",False,1,2017,1952,29,338
K000390,"Kihuen, Ruben J.",False,1,2017,1980,12,293
L000587,"Lewis, Jason",False,1,2017,1955,16,117
M001201,"Mitchell, Paul",False,2,2017,1956,27,443
R000607,"Rooney, Francis",False,2,2017,1953,46,418
D000625,"Donovan, Daniel M., Jr.",False,2,2015,1956,36,577
P000612,"Perdue, David",False,3,2015,1949,169,803
J000297,"Jenkins, Evan H.",False,2,2015,1960,25,334
C001105,"Comstock, Barbara",False,2,2015,1959,34,692
L000584,"Love, Mia B.",False,2,2015,1975,34,389
H001073,"Hurd, Will",False,3,2015,1977,43,562
R000601,"Ratcliffe, John",False,3,2015,1965,51,533
C001106,"Costello, Ryan A.",False,2,2015,1976,20,701
R000604,"Russell, Steve",False,2,2015,1963,46,304
H001070,"Hardy, Cresent",False,1,2015,1957,16,164
M001193,"MacArthur, Thomas",False,2,2015,1960,44,515
A000373,"Ashford, Brad",False,1,2015,1949,11,392
W000819,"Walker, Mark",False,3,2015,1969,50,491
T000475,"Trott, David A.",False,2,2015,1960,21,335
B001293,"Bishop, Mike",False,2,2015,1967,30,606
P000611,"Poliquin, Bruce",False,2,2015,1953,43,473
A000374,"Abraham, Ralph Lee",False,3,2015,1954,34,704
Y000066,"Young, David",False,2,2015,1968,36,573
B001294,"Blum, Rod",False,2,2015,1955,26,408
T000473,"Takai, Mark",False,1,2015,1967,13,301
C001107,"Curbelo, Carlos",False,2,2015,1980,49,705
G000575,"Graham, Gwen",False,1,2015,1963,12,189
W000820,"Walters, Mimi",False,2,2015,1962,17,319
K000387,"Knight, Stephen",False,2,2015,1966,45,442
M001197,"McSally, Martha",False,3,2015,1966,185,803
B001290,"Brat, Dave",False,3,2014,1964,50,483
C001102,"Clawson, Curt",False,2,2014,1959,21,186
J000296,"Jolly, David W.",False,2,2014,1972,40,446
W000818,"Walsh, John E.",False,1,2014,1960,33,141
B001289,"Byrne, Bradley",False,4,2014,1955,89,889
M001192,"McAllister, Vance M.",False,1,2013,1974,6,66
C001100,"Chiesa, Jeff",False,1,2013,1965,N/A,16
K000379,"Kennedy, Joseph P., III",False,4,2013,1980,77,1595
H001064,"Heck, Denny",False,4,2013,1952,62,1391
G000572,"Gallego, Pete P.",False,1,2013,1961,16,188
O000170,"O'Rourke, Beto",False,3,2013,1972,75,1036
R000598,"Rothfus, Keith J.",False,3,2013,1962,47,663
B001283,"Bridenstine, Jim",False,3,2013,1975,24,520
C001092,"Collins, Chris",False,4,2013,1950,58,1040
L000580,"Lujan Grisham, Michelle",False,3,2013,1959,94,1105
H001065,"Holding, George",False,4,2013,1968,45,570
M001187,"Meadows, Mark",False,4,2013,1959,143,1351
P000606,"Pittenger, Robert",False,3,2013,1948,33,813
C001099,"Cowan, William M.",False,1,2013,1969,7,82
H001069,"Heitkamp, Heidi",False,3,2013,1955,186,861
B001280,"Bentivolio, Kerry L.",False,1,2013,1951,21,308
D000620,"Delaney, John K.",False,3,2013,1963,59,1009
M001189,"Messer, Luke",False,3,2013,1969,80,843
B001284,"Brooks, Susan W.",False,4,2013,1960,49,987
E000292,"Enyart, William L.",False,1,2013,1949,9,487
G000571,"Gabbard, Tulsi",False,4,2013,1981,120,1289
C001093,"Collins, Doug",False,4,2013,1966,125,648
G000573,"Garcia, Joe",False,1,2013,1963,13,239
R000596,"Radel, Trey",False,1,2013,1976,12,163
M001191,"Murphy, Patrick",False,2,2013,1983,55,747
D000621,"DeSantis, Ron",False,3,2013,1978,52,552
Y000065,"Yoho, Ted S.",False,4,2013,1955,110,1264
E000293,"Esty, Elizabeth H.",False,3,2013,1959,85,1137
N000187,"Negrete McLeod, Gloria",False,1,2013,1941,8,329
C001094,"Cook, Paul",False,4,2013,1943,61,1120
B001279,"Barber, Ron",False,2,2012,1945,19,294
C001089,"Curson, David Alan",False,1,2012,1948,N/A,6
H000213,"Harman, Jane",False,9,1993,1945,87,1795
K000360,"Kirk, Mark Steven",False,9,2001,1959,371,2475
R000571,"Rehberg, Denny",False,6,2001,1955,108,1194
O000167,"Obama, Barack",False,2,2005,1961,282,977
C001073,"Cazayoux, Donald J., Jr.",False,1,2008,1964,11,49
C001071,"Corker, Bob",False,6,2007,1952,225,798
J000287,"Jindal, Bobby",False,2,2005,1971,68,394
W000803,"Webb, Jim",False,3,2007,1946,133,530
M001170,"McCaskill, Claire",False,6,2007,1953,367,1508
S001166,"Sekula Gibbs, Shelley",False,1,2005,1953,N/A,8
W000792,"Weiner, Anthony D.",False,7,1999,1964,242,2390
L000568,"Lee, Christopher J.",False,2,2009,1964,17,351
T000254,"Thurmond, Strom",False,25,1953,1902,1560,4472
A000368,"Ayotte, Kelly",False,3,2011,1968,235,1161
O000169,"Owens, William L.",False,3,2009,1949,63,712
T000471,"Turner, Robert L.",False,1,2011,1941,8,140
H001063,"Hahn, Janice",False,3,2011,1952,61,882
S001188,"Stutzman, Marlin A.",False,4,2010,1976,28,485
G000561,"Goodwin, Carte Patrick",False,1,2010,1974,1,9
G000560,"Graves, Tom",False,6,2010,1970,23,715
D000611,"Djou, Charles K.",False,1,2010,1970,12,74
C001081,"Critz, Mark S.",False,2,2010,1962,14,349
M001120,"Murtha, John P.",False,19,1973,1932,218,2845
B001268,"Brown, Scott P.",False,2,2010,1959,93,448
W000314,"Wexler, Robert",False,7,1997,1961,101,3555
L000572,"LeMieux, George S.",False,1,2009,1969,28,158
H001062,"Hochul, Kathleen C.",False,1,2011,1958,22,119
M001162,"Martinez, Mel",False,3,2005,1946,177,710
F000457,"Franken, Al",False,5,2009,1951,277,2019
T000057,"Tauscher, Ellen O.",False,7,1997,1951,144,2106
M000472,"McHugh, John M.",False,9,1993,1948,99,2897
W000793,"Wu, David",False,7,1999,1955,161,2185
C000191,"Carson, Julia",False,6,1997,1938,55,3005
R000587,"Ribble, Reid J.",False,3,2011,1956,44,958
D000614,"Duffy, Sean P.",False,5,2011,1971,123,713
H001060,"Hurt, Robert",False,3,2011,1969,25,347
R000589,"Rigell, E. Scott",False,3,2011,1960,36,480
F000460,"Farenthold, Blake",False,4,2011,1961,58,1232
C001082,"Canseco, Francisco ""Quico""",False,1,2011,1949,15,299
F000461,"Flores, Bill",False,5,2011,1954,99,1311
F000458,"Fincher, Stephen Lee",False,3,2011,1973,49,553
B001273,"Black, Diane",False,4,2011,1951,114,954
N000184,"Noem, Kristi L.",False,4,2011,1971,93,721
M001182,"Mulvaney, Mick",False,4,2011,1967,99,796
G000566,"Gowdy, Trey",False,4,2011,1964,18,550
B001269,"Barletta, Lou",False,4,2011,1956,75,1060
M001179,"Marino, Tom",False,5,2011,1952,86,945
M001181,"Meehan, Patrick",False,4,2011,1955,72,946
R000586,"Renacci, James B.",False,4,2011,1958,61,839
B001276,"Buerkle, Ann Marie",False,1,2011,1951,17,194
H001051,"Hanna, Richard L.",False,3,2011,1951,46,961
G000564,"Gibson, Christopher P.",False,3,2011,1964,64,875
H001054,"Hayworth, Nan A. S.",False,1,2011,1959,11,176
G000569,"Grimm, Michael G.",False,2,2011,1970,66,655
H001055,"Heck, Joseph J.",False,3,2011,1961,61,650
R000594,"Runyan, Jon",False,2,2011,1973,42,357
G000570,"Guinta, Frank C.",False,2,2011,1970,36,360
B001272,"Berg, Rick",False,1,2011,1959,7,159
E000291,"Ellmers, Renee L.",False,3,2011,1964,59,804
N000186,"Nunnelee, Alan",False,3,2011,1958,9,596
C001086,"Cravaack, Chip",False,1,2011,1959,20,170
C001085,"Clarke, Hansen",False,1,2011,1957,42,299
A000367,"Amash, Justin",False,5,2011,1980,74,283
B001271,"Benishek, Dan",False,3,2011,1952,52,792
L000574,"Landry, Jeffrey M.",False,1,2011,1970,19,196
P000602,"Pompeo, Mike",False,4,2011,1963,65,677
Y000063,"Yoder, Kevin",False,4,2011,1976,26,811
H001057,"Huelskamp, Tim",False,3,2011,1968,52,688
R000592,"Rokita, Todd",False,4,2011,1970,50,1195
S001182,"Schilling, Robert T.",False,1,2011,1964,11,210
H001059,"Hultgren, Randy",False,4,2011,1966,67,972
D000613,"Dold, Robert J.",False,2,2011,1969,64,498
W000811,"Walsh, Joe",False,1,2011,1961,17,259
L000573,"Labrador, Raul R.",False,4,2011,1967,33,509
H001050,"Hanabusa, Colleen",False,4,2011,1951,43,912
W000810,"Woodall, Rob",False,5,2011,1970,103,430
R000590,"Rivera, David",False,1,2011,1965,9,220
A000366,"Adams, Sandy",False,1,2011,1956,8,149
W000807,"West, Allen B.",False,1,2011,1961,11,313
R000593,"Ross, Dennis A.",False,4,2011,1959,79,1213
N000185,"Nugent, Richard B.",False,3,2011,1951,61,717
S001186,"Southerland, Steve II",False,2,2011,1965,19,456
C001083,"Carney, John C., Jr.",False,3,2011,1956,72,500
G000562,"Gardner, Cory",False,5,2011,1974,375,1358
T000470,"Tipton, Scott  R.",False,5,2011,1956,133,1232
D000612,"Denham, Jeff",False,4,2011,1967,83,640
Q000024,"Quayle, Benjamin",False,1,2011,1976,21,176
G000567,"Griffin, Tim",False,2,2011,1968,42,784
R000591,"Roby, Martha",False,5,2011,1976,30,559
K000374,"Kirk, Paul Grattan, Jr.",False,1,2009,1938,N/A,68
S001163,"Salazar, Ken",False,3,2005,1955,251,940
C001041,"Clinton, Hillary Rodham",False,5,2001,1947,713,2678
R000581,"Richardson, Laura",False,3,2007,1962,109,1434
B001262,"Broun, Paul C.",False,4,2007,1946,181,1187
M000627,"Meehan, Martin T.",False,8,1993,1956,105,2361
K000365,"Kagen, Steve",False,2,2007,1949,38,905
D000606,"Davis, David",False,1,2007,1959,19,387
C001065,"Carney, Christopher P.",False,2,2007,1959,40,846
M001168,"Murphy, Patrick J.",False,2,2007,1973,40,701
S001169,"Sestak, Joe",False,2,2007,1951,98,1289
A000362,"Altmire, Jason",False,3,2007,1968,67,1051
F000453,"Fallin, Mary",False,2,2007,1954,17,585
S001173,"Space, Zachary T.",False,2,2007,1961,55,677
S001174,"Sutton, Betty",False,3,2007,1963,66,1543
W000801,"Wilson, Charles A.",False,2,2007,1943,17,575
A000363,"Arcuri, Michael A.",False,2,2007,1959,75,847
H001039,"Hall, John J.",False,2,2007,1948,46,855
H001041,"Heller, Dean",False,7,2007,1960,488,1513
H001043,"Hodes, Paul W.",False,2,2007,1951,55,689
S001170,"Shea-Porter, Carol",False,4,2007,1952,104,2365
S001171,"Shuler, Heath",False,3,2007,1971,44,921
B001256,"Bachmann, Michele",False,4,2007,1956,67,1127
E000288,"Ellison, Keith",False,6,2007,1963,255,3714
W000799,"Walz, Timothy J.",False,6,2007,1964,85,2013
B001258,"Boyda, Nancy E.",False,1,2007,1955,19,459
E000289,"Ellsworth, Brad",False,2,2007,1958,34,547
D000607,"Donnelly, Joe",False,6,2007,1955,174,1246
H001040,"Hare, Phil",False,2,2007,1949,34,1341
R000580,"Roskam, Peter J.",False,6,2007,1961,120,1347
S001167,"Sali, Bill",False,1,2007,1954,20,305
L000565,"Loebsack, David",False,7,2007,1952,121,2746
B001259,"Braley, Bruce L.",False,4,2007,1957,114,1470
K000366,"Klein, Ron",False,2,2007,1957,39,702
M001164,"Mahoney, Tim",False,1,2007,1956,18,225
G000554,"Giffords, Gabrielle",False,3,2007,1970,61,696
M001167,"Mitchell, Harry E.",False,2,2007,1940,23,417
S001153,"Solis, Hilda L.",False,5,2001,1957,76,1835
M001178,"Murphy, Scott",False,1,2009,1970,19,240
P000600,"Perriello, Thomas S.P.",False,1,2009,1974,25,278
N000183,"Nye, Glenn C.",False,1,2009,1974,26,318
C001076,"Chaffetz, Jason",False,5,2009,1967,153,982
O000168,"Olson, Pete",False,6,2009,1962,99,1941
R000582,"Roe, David P.",False,6,2009,1945,144,2020
P000596,"Pierluisi, Pedro R.",False,4,2009,1959,63,820
D000608,"Dahlkemper, Kathleen A.",False,1,2009,1957,24,294
B001263,"Boccieri, John A.",False,1,2009,1969,13,232
K000372,"Kilroy, Mary Jo",False,1,2009,1949,21,333
A000365,"Austria, Steve",False,2,2009,1958,7,408
D000609,"Driehaus, Steve",False,1,2009,1966,18,226
M001173,"Massa, Eric J. J.",False,1,2009,1959,9,509
M001171,"Maffei, Daniel B.",False,2,2009,1968,35,568
M001174,"McMahon, Michael E.",False,1,2009,1957,20,390
T000466,"Teague, Harry",False,1,2009,1949,36,269
L000567,"Lance, Leonard",False,5,2009,1952,89,1397
A000364,"Adler, John H.",False,1,2009,1959,26,209
K000369,"Kissell, Larry",False,2,2009,1951,48,639
H001045,"Harper, Gregg",False,5,2009,1956,70,1115
P000594,"Paulsen, Erik",False,5,2009,1965,176,1088
S001178,"Schauer, Mark H.",False,1,2009,1961,20,276
K000371,"Kratovil, Frank,  Jr.",False,1,2009,1968,25,221
F000456,"Fleming, John",False,4,2009,1951,70,926
C001079,"Cao, Anh ""Joseph""",False,1,2009,1967,25,384
J000290,"Jenkins, Lynn",False,5,2009,1963,108,1486
S001179,"Schock, Aaron",False,4,2009,1981,84,1090
H001044,"Halvorson, Deborah L.",False,1,2009,1958,29,238
M001175,"Minnick, Walter",False,1,2009,1942,28,299
K000370,"Kosmas, Suzanne M.",False,1,2009,1944,21,265
R000583,"Rooney, Thomas J.",False,5,2009,1970,78,1264
G000556,"Grayson, Alan",False,3,2009,1958,290,1049
C001077,"Coffman, Mike",False,5,2009,1955,100,1641
M001172,"Markey, Betsy",False,1,2009,1956,29,318
P000598,"Polis, Jared",False,5,2009,1975,250,2249
H001048,"Hunter, Duncan D.",False,6,2009,1976,129,1209
G000557,"Griffith, Parker",False,1,2009,1942,11,244
B001264,"Bright, Bobby",False,1,2009,1952,18,177
K000373,"Kaufman, Edward E.",False,1,2009,1939,23,259
B001266,"Burris, Roland",False,1,2009,1937,60,357
H001049,"Hagan, Kay R.",False,3,2009,1953,266,603
J000291,"Johanns, Mike",False,3,2009,1950,169,928
B001265,"Begich, Mark",False,3,2009,1962,296,1579
E000290,"Edwards, Donna F.",False,5,2008,1958,58,1435
C001074,"Childers, Travis",False,2,2008,1958,19,247
T000465,"Tsongas, Niki",False,6,2007,1946,64,1704
D000217,"DeLay, Tom",False,11,1985,1947,159,1971
B000461,"Bilbray, Brian P.",False,7,1995,1951,118,1741
C001064,"Campbell, John",False,5,2005,1955,87,894
S001164,"Schmidt, Jean",False,4,2005,1951,32,811
D000294,"DeWine, Mike",False,10,1983,1947,504,3538
D000064,"Daschle, Thomas A.",False,13,1979,1947,973,4641
R000146,"Reid, Harry",False,17,1983,1939,1995,4949
R000141,"Regula, Ralph",False,18,1973,1924,241,2183
R000053,"Rangel, Charles B.",False,23,1971,1930,1048,11507
R000033,"Ramstad, Jim",False,9,1991,1946,180,2596
R000011,"Rahall, Nick J., II",False,19,1977,1949,410,6536
R000004,"Radanovich, George",False,8,1995,1955,102,1450
Q000016,"Quinn, Jack",False,6,1993,1951,59,1448
P000555,"Pryce, Deborah",False,8,1993,1951,204,1602
P000444,"Porter, John Edward",False,11,1979,1935,227,3408
P000422,"Pomeroy, Earl",False,9,1993,1952,166,1799
P000419,"Pombo, Richard W.",False,7,1993,1961,134,1181
P000326,"Pickett, Owen B.",False,7,1987,1930,62,1342
P000265,"Petri, Thomas E.",False,18,1979,1940,279,3581
P000258,"Peterson, Collin C.",False,15,1991,1944,210,4856
P000149,"Payne, Donald M.",False,12,1989,1934,170,6344
P000583,"Paul, Ron",False,12,1975,1935,667,3178
P000099,"Pastor, Ed",False,12,1991,1943,62,3270
P000005,"Packard, Ron",False,9,1983,1931,71,2574
O000163,"Oxley, Michael G.",False,13,1981,1944,109,2622
O000159,"Owens, Major R.",False,12,1983,1936,277,7946
O000107,"Ortiz, Solomon P.",False,14,1983,1937,117,3251
O000007,"Obey, David R.",False,21,1969,1938,428,1313
O000006,"Oberstar, James L.",False,18,1975,1934,748,6057
N000172,"Nussle, Jim",False,8,1991,1960,95,908
N000159,"Norwood, Charles W.",False,7,1995,1941,82,1774
I000055,"Isakson, Johnny",False,11,1999,1944,415,3365
D000595,"DeMint, Jim",False,7,1999,1951,753,1280
C001038,"Crowley, Joseph",False,10,1999,1962,249,3983
H001029,"Hayes, Robin",False,5,1999,1945,72,1102
W000791,"Walden, Greg",False,11,1999,1957,154,1845
U000038,"Udall, Mark",False,8,1999,1950,420,2669
T000458,"Tancredo, Thomas G.",False,5,1999,1945,163,1517
S001149,"Sweeney, John E.",False,4,1999,1955,134,869
S001146,"Sherwood, Don",False,4,1999,1941,15,341
R000569,"Reynolds, Thomas M.",False,5,1999,1950,177,759
P000584,"Phelps, David D.",False,2,1999,1947,5,588
O000164,"Ose, Doug",False,3,1999,1955,50,524
M001139,"Miller, Gary G.",False,8,1999,1948,109,1669
K000357,"Kuykendall, Steven T.",False,1,1999,1947,13,282
J000284,"Jones, Stephanie Tubbs",False,5,1999,1949,64,2426
H001032,"Holt, Rush",False,8,1999,1948,343,3911
H001031,"Hoeffel, Joseph M.",False,3,1999,1950,30,1155
H001030,"Hill, Baron P.",False,5,1999,1953,65,890
B001232,"Biggert, Judy",False,7,1999,1937,176,1534
B001231,"Berkley, Shelley",False,7,1999,1951,117,3308
V000126,"Voinovich, George V.",False,6,1999,1936,394,1367
E000286,"Edwards, John",False,3,1999,1953,159,646
B001233,"Bayh, Evan",False,6,1999,1955,314,1518
F000442,"Fitzgerald, Peter",False,3,1999,1960,442,536
V000127,"Vitter, David",False,9,1999,1961,1170,2461
U000039,"Udall, Tom",False,11,1999,1948,619,3323
T000459,"Terry, Lee",False,8,1999,1962,178,2652
S001147,"Shows, Ronnie",False,2,1999,1947,36,960
C001037,"Capuano, Michael E.",False,10,1999,1952,171,3957
F000441,"Fletcher, Ernie",False,3,1999,1952,25,459
L000558,"Lucas, Ken",False,3,1999,1933,11,657
M001140,"Moore, Dennis",False,6,1999,1945,108,2567
R000570,"Ryan, Paul D.",False,10,1999,1970,114,1074
G000545,"Green, Mark",False,4,1999,1960,113,1173
B001229,"Baird, Brian",False,6,1999,1956,111,1799
G000544,"Gonzalez, Charles A.",False,7,1999,1945,64,2973
S001141,"Sessions, Jeff",False,11,1997,1946,742,2020
H001028,"Hagel, Chuck",False,6,1997,1946,213,1770
E000285,"Enzi, Michael B.",False,12,1997,1944,659,2813
C001034,"Cleland, Max",False,3,1997,1942,199,909
W000789,"Wilson, Heather",False,6,1997,1960,127,772
W000315,"Weygand, Robert A.",False,2,1997,1948,47,474
T000424,"Turner, Jim",False,4,1997,1946,33,858
T000266,"Tierney, John F.",False,9,1997,1951,108,2817
S001078,"Sununu, John E.",False,6,1997,1964,114,1026
S000672,"Snyder, Vic",False,7,1997,1947,34,1615
S000364,"Shimkus, John",False,12,1997,1958,117,2881
S000112,"Schaffer, Bob",False,3,1997,1962,49,1013
S000044,"Sandlin, Max",False,4,1997,1952,25,1504
S000030,"Sanchez, Loretta",False,10,1997,1960,139,2759
R000566,"Ryun, Jim",False,5,1997,1947,85,842
R000462,"Rothman, Steven R.",False,8,1997,1952,117,3318
R000386,"Rogan, James E.",False,2,1997,1957,34,356
R000568,"Rodriguez, Ciro D.",False,6,1997,1946,77,1922
R000258,"Riley, Bob",False,3,1997,1944,20,530
R000170,"Reyes, Silvestre",False,8,1997,1944,119,2495
P000373,"Pitts, Joseph R.",False,10,1997,1939,178,2679
P000323,"Pickering, Charles W. ""Chip""",False,6,1997,1963,67,1585
P000263,"Peterson, John E.",False,6,1997,1938,62,1231
P000171,"Pease, Edward A.",False,2,1997,1951,6,116
N000143,"Northup, Anne M.",False,5,1997,1948,14,739
M000485,"McIntyre, Mike",False,9,1997,1956,79,2571
M000309,"McCarthy, Carolyn",False,9,1997,1944,228,3494
M000090,"Maloney, James H.",False,3,1997,1948,27,918
L000043,"Lampson, Nick",False,5,1997,1945,87,1514
K000336,"Kucinich, Dennis J.",False,8,1997,1946,236,4146
K000180,"Kilpatrick, Carolyn C.",False,7,1997,1945,56,3137
J000110,"John, Christopher",False,4,1997,1960,31,609
J000082,"Jenkins, William L.",False,5,1997,1936,38,776
H001014,"Hutchinson, Asa",False,3,1997,1950,45,533
H000948,"Hulshof, Kenny C.",False,6,1997,1958,97,672
H000762,"Hooley, Darlene",False,6,1997,1939,146,1783
H000636,"Hinojosa, Ruben",False,10,1997,1940,108,3231
H000605,"Hill, Rick",False,2,1997,1946,35,418
G000280,"Goode, Virgil H., Jr.",False,6,1997,1946,84,2227
G000152,"Gibbons, Jim",False,5,1997,1944,120,1113
F000440,"Fossella, Vito",False,6,1997,1965,119,1134
F000262,"Ford, Harold E., Jr.",False,5,1997,1970,48,1654
E000226,"Etheridge, Bob",False,7,1997,1941,68,1800
E000172,"Emerson, Jo Ann",False,9,1997,1950,139,2184
D000114,"Davis, Jim",False,5,1997,1957,29,877
C000735,"Cooksey, John",False,3,1997,1941,11,663
C000722,"Cook, Merrill",False,2,1997,1946,25,603
C000380,"Christensen, Donna M.",False,9,1997,1945,150,3770
C001036,"Capps, Lois",False,10,1997,1938,241,3763
B001227,"Brady, Robert A.",False,11,1997,1945,120,4012
B000716,"Boyd, Allen",False,7,1997,1945,33,1201
B000652,"Boswell, Leonard L.",False,8,1997,1934,106,2273
B001228,"Bono Mack, Mary",False,8,1997,1961,92,1583
B000518,"Blagojevich, Rod R.",False,3,1997,1956,46,994
A000357,"Allen, Thomas H.",False,6,1997,1945,89,2167
W000288,"Wellstone, Paul D.",False,6,1991,1944,608,1903
T000457,"Thompson, Fred",False,5,1994,1942,167,353
B000382,"Bennett, Robert F.",False,9,1993,1933,246,1426
A000356,"Ashcroft, John",False,3,1995,1942,201,593
A000355,"Abraham, Spencer",False,3,1995,1952,349,880
Y000031,"Young, C. W. Bill",False,22,1971,1930,573,3237
W000784,"Wynn, Albert Russell",False,8,1993,1951,129,3565
W000738,"Woolsey, Lynn C.",False,10,1993,1937,210,5493
W000672,"Wolf, Frank R.",False,17,1981,1939,249,5613
W000654,"Wise, Robert E., Jr.",False,9,1983,1948,145,2304
W000413,"Whitfield, Ed",False,11,1995,1943,133,1916
W000273,"Weller, Jerry",False,7,1995,1957,156,1611
W000267,"Weldon, Dave",False,7,1995,1953,102,1674
W000268,"Weldon, Curt",False,10,1987,1947,170,2577
W000215,"Waxman, Henry A.",False,20,1975,1939,635,8227
W000210,"Watts, J. C., Jr.",False,4,1995,1957,57,1011
W000207,"Watt, Melvin L.",False,11,1993,1945,201,2200
W000194,"Watkins, Wes",False,10,1977,1938,167,1649
W000119,"Wamp, Zach",False,8,1995,1957,48,2276
W000099,"Walsh, James T.",False,10,1989,1947,91,3654
V000108,"Visclosky, Peter J.",False,18,1985,1949,150,2372
U000014,"Underwood, Robert A.",False,5,1993,1948,65,1419
T000350,"Traficant, James A., Jr.",False,9,1985,1941,667,3395
T000326,"Towns, Edolphus",False,15,1983,1934,274,9766
T000317,"Torricelli, Robert G.",False,10,1983,1951,617,3681
T000260,"Tiahrt, Todd",False,8,1995,1951,136,1605
T000253,"Thurman, Karen L.",False,5,1993,1951,56,2114
T000238,"Thornberry, Mac",False,13,1995,1958,198,1590
T000162,"Thomas, Craig",False,10,1989,1933,313,1805
T000188,"Thomas, William M.",False,14,1979,1941,343,1647
T000074,"Taylor, Gene",False,11,1989,1953,78,1871
T000067,"Taylor, Charles H.",False,8,1991,1941,59,1287
T000058,"Tauzin, W. J. (Billy)",False,13,1979,1943,271,2472
T000038,"Tanner, John S.",False,11,1989,1944,72,1682
T000024,"Talent, Jim",False,7,1993,1956,219,1371
S001045,"Stupak, Bart",False,9,1993,1952,345,2613
S001044,"Stump, Bob",False,13,1977,1927,222,3377
S001004,"Strickland, Ted",False,6,1993,1941,75,1574
S000937,"Stockman, Steve",False,2,1995,1956,86,543
S000822,"Stearns, Cliff",False,12,1989,1941,360,2601
S000810,"Stark, Fortney Pete",False,20,1973,1931,922,8813
S000749,"Spratt, John M., Jr.",False,14,1983,1942,162,3068
S000718,"Spence, Floyd",False,16,1971,1928,143,2801
S001143,"Souder, Mark E.",False,8,1995,1950,126,3064
S000663,"Snowe, Olympia J.",False,17,1979,1947,1405,5264
S000606,"Smith, Bob",False,9,1985,1941,426,2349
S000597,"Smith, Nick",False,6,1993,1934,200,757
S000583,"Smith, Lamar",False,16,1987,1947,303,3392
S000480,"Slaughter, Louise McIntosh",False,16,1987,1929,442,6749
S000465,"Skelton, Ike",False,17,1977,1931,238,3479
S000463,"Skeen, Joe",False,11,1981,1927,90,2562
S000453,"Sisisky, Norman",False,10,1983,1927,24,1809
S001144,"Shays, Christopher",False,11,1987,1945,230,4764
S000303,"Shaw, E. Clay, Jr.",False,13,1981,1939,362,2800
S000275,"Shadegg, John B.",False,8,1995,1949,142,1487
S000248,"Serrano, Jose E.",False,16,1989,1943,267,6256
S000244,"Sensenbrenner, F. James, Jr.",False,21,1979,1943,525,3924
S000106,"Scarborough, Joe",False,4,1995,1963,63,585
S000097,"Saxton, Jim",False,12,1985,1943,333,3784
S000064,"Sarbanes, Paul S.",False,18,1971,1933,387,4413
S000059,"Santorum, Rick",False,8,1991,1958,708,1897
S000051,"Sanford, Mark",False,6,1995,1960,98,605
S000018,"Salmon, Matt",False,5,1995,1958,146,1071
S000005,"Sabo, Martin Olav",False,14,1979,1938,84,3369
R000487,"Royce, Edward R.",False,13,1993,1951,292,2523
R000465,"Roukema, Marge",False,11,1981,1929,215,2308
R000435,"Ros-Lehtinen, Ileana",False,15,1989,1952,373,3967
R000417,"Romero-Barcelo, Carlos A.",False,4,1993,1932,25,1027
R000409,"Rohrabacher, Dana",False,15,1989,1947,327,3786
R000385,"Roemer, Tim",False,6,1991,1956,89,761
R000307,"Roberts, Pat",False,20,1981,1936,572,4769
R000281,"Rivers, Lynn N.",False,4,1995,1956,52,1471
B000780,"Breaux, John B.",False,17,1971,1944,713,3057
B000711,"Boxer, Barbara",False,17,1983,1940,1550,8763
B000657,"Boucher, Rick",False,14,1983,1946,172,4185
B000644,"Borski, Robert A.",False,10,1983,1948,58,3181
B000619,"Bonior, David E.",False,13,1977,1945,237,5560
B000617,"Bonilla, Henry",False,7,1993,1954,53,1016
B000589,"Boehner, John A.",False,13,1991,1949,158,1725
B000586,"Boehlert, Sherwood",False,12,1983,1936,166,3823
B000463,"Bilirakis, Michael",False,12,1983,1930,312,3204
B000410,"Berman, Howard L.",False,15,1983,1941,221,7011
B000403,"Bereuter, Doug",False,13,1979,1939,353,3657
N000032,"Nelson, Bill",False,15,1979,1942,911,3691
M001134,"Myrick, Sue Wilkins",False,9,1995,1941,322,3044
M000941,"Morella, Constance A.",False,8,1987,1931,251,3785
M000933,"Moran, James P.",False,12,1991,1945,300,5780
M000844,"Mollohan, Alan B.",False,14,1983,1943,106,2095
M000834,"Moakley, John Joseph",False,15,1973,1927,783,4422
M000797,"Mink, Patsy T.",False,13,1965,1927,471,2737
M000795,"Minge, David",False,4,1993,1942,66,954
M000725,"Miller, George",False,20,1975,1945,606,6856
M000720,"Miller, Dan",False,5,1993,1942,48,785
M000714,"Millender-McDonald, Juanita",False,7,1995,1938,192,2199
M000702,"Mikulski, Barbara A.",False,20,1977,1936,612,8002
M000689,"Mica, John L.",False,12,1993,1943,148,1739
M000669,"Metcalf, Jack",False,3,1995,1927,50,754
M000628,"Meek, Carrie P.",False,5,1993,1926,62,1766
M000590,"McNulty, Michael R.",False,10,1989,1947,101,4806
M000523,"McKinney, Cynthia A.",False,6,1993,1955,74,2445
M000508,"McKeon, Howard P. ""Buck""",False,11,1993,1938,183,2023
M000481,"McIntosh, David M.",False,3,1995,1958,48,764
M000477,"McInnis, Scott",False,6,1993,1953,142,925
M000404,"McDermott, Jim",False,14,1989,1936,342,7216
M000388,"McCrery, Jim",False,12,1987,1949,121,1628
M000350,"McCollum, Bill",False,10,1981,1944,375,2736
M000316,"McCarthy, Karen",False,5,1995,1947,31,1158
M000303,"McCain, John",False,18,1983,1936,2684,4636
M000249,"Matsui, Robert T.",False,14,1979,1941,269,5343
M000212,"Mascara, Frank",False,4,1995,1930,8,879
M000206,"Martinez, Matthew G.",False,10,1981,1929,105,5501
M001138,"Manzullo, Donald A.",False,10,1993,1944,142,2727
M000019,"Mack, Connie, III",False,9,1983,1940,307,2243
L000521,"Luther, Bill",False,4,1995,1945,30,800
L000517,"Lungren, Daniel E.",False,9,1979,1946,168,2085
L000480,"Lowey, Nita M.",False,16,1989,1937,554,5599
L000447,"Lott, Trent",False,18,1973,1941,943,4114
S000888,"Stevens, Ted",False,21,1967,1923,1445,4361
S000709,"Specter, Arlen",False,15,1981,1930,1665,3947
R000460,"Roth Jr., William V.",False,17,1967,1921,961,2076
R000361,"Rockefeller, John D., IV",False,15,1985,1937,887,3749
R000295,"Robb, Charles S.",False,6,1989,1939,196,1730
N000102,"Nickles, Don",False,12,1981,1948,587,2631
M001085,"Murkowski, Frank H.",False,11,1981,1933,871,3148
M001054,"Moynihan, Daniel Patrick",False,12,1977,1927,1520,4079
L000504,"Lugar, Richard G.",False,18,1977,1932,789,4341
L000261,"Levin, Carl",False,18,1979,1934,1662,6423
L000123,"Lautenberg, Frank R.",False,15,1983,1924,1319,5512
K000148,"Kerry, John F.",False,15,1985,1943,1315,6369
K000146,"Kerrey, J. Robert",False,6,1989,1943,257,1166
K000105,"Kennedy, Edward M.",False,25,1961,1932,2552,6975
I000025,"Inouye, Daniel K.",False,27,1959,1924,2164,6253
H001016,"Hutchison, Kay Bailey",False,10,1993,1943,959,2287
H000725,"Hollings, Ernest F.",False,20,1965,1922,1066,4458
H000463,"Helms, Jesse",False,15,1973,1921,1977,3945
H000338,"Hatch, Orrin G.",False,21,1977,1934,5992,6066
G000333,"Gorton, Slade",False,9,1981,1928,616,2237
F000439,"Frist, William H.",False,6,1995,1952,548,959
F000061,"Feingold, Russell D.",False,9,1993,1953,1173,2657
D000407,"Domenici, Pete V.",False,18,1973,1932,1726,4349
C000705,"Conrad, Kent",False,13,1987,1948,609,3325
N000127,"Nolan, Richard M.",False,6,1975,1943,230,2061
N000081,"Ney, Robert W.",False,6,1995,1954,130,1483
C000567,"Cochran, Thad",False,23,1973,1937,810,6445
B001210,"Byrd, Robert C.",False,29,1953,1917,1501,2425
B001126,"Burns, Conrad R.",False,9,1989,1935,406,2465
B000993,"Bryan, Richard H.",False,6,1989,1937,455,1379
B000611,"Bond, Christopher S.",False,12,1987,1939,703,2667
B000468,"Bingaman, Jeff",False,15,1983,1943,1718,5158
B000444,"Biden, Joseph R., Jr.",False,19,1973,1942,1071,3383
W000154,"Warner, John",False,15,1979,1927,953,3938
S001142,"Smith, Gordon H.",False,6,1997,1952,505,1817
L000035,"Lincoln, Blanche L.",False,8,1993,1960,466,2286
L000550,"Landrieu, Mary L.",False,9,1997,1955,1080,3484
R000578,"Reichert, David G.",False,7,2005,1950,170,1307
D000605,"Drake, Thelma D.",False,2,2005,1949,29,666
M001158,"Marchant, Kenny",False,8,2005,1951,65,2231
C001062,"Conaway, K. Michael",False,8,2005,1948,137,2039
P000592,"Poe, Ted",False,7,2005,1948,344,2424
F000452,"Fortuno, Luis G.",False,2,2005,1960,44,621
D000604,"Dent, Charles W.",False,7,2005,1960,111,1414
S001162,"Schwartz, Allyson Y.",False,5,2005,1948,78,1617
F000451,"Fitzpatrick, Michael G.",False,4,2005,1963,122,1185
B001254,"Boren, Dan",False,4,2005,1973,76,1184
K000364,"Kuhl, John R. ""Randy"", Jr.",False,2,2005,1943,37,955
C001060,"Carnahan, Russ",False,4,2005,1958,71,1553
S001161,"Schwarz, John J.H. ""Joe""",False,1,2005,1937,9,303
B001255,"Boustany, Charles W., Jr.",False,6,2005,1956,136,1614
M001161,"Melancon, Charlie",False,3,2005,1947,54,705
D000603,"Davis, Geoff",False,4,2005,1958,50,928
S001160,"Sodrel, Michael E.",False,1,2005,1945,11,127
B001253,"Bean, Melissa L.",False,3,2005,1962,50,555
L000563,"Lipinski, Daniel",False,8,2005,1966,175,2672
B001252,"Barrow, John",False,5,2005,1955,81,1222
W000796,"Westmoreland, Lynn A.",False,6,2005,1950,38,1873
P000591,"Price, Tom",False,7,2005,1954,145,1168
M001155,"Mack, Connie",False,4,2005,1967,46,704
S001158,"Salazar, John T.",False,3,2005,1953,70,785
H001037,"Herseth Sandlin, Stephanie",False,4,2004,1970,116,1108
C001058,"Chandler, Ben",False,5,2004,1959,23,1186
B001250,"Bishop, Rob",False,9,2003,1951,216,1999
B001241,"Bell, Chris",False,1,2003,1959,13,353
H001036,"Hensarling, Jeb",False,8,2003,1957,124,1546
D000599,"Davis, Lincoln",False,4,2003,1943,24,1055
J000286,"Janklow, William J.",False,1,2003,1939,5,157
B001239,"Barrett, J. Gresham",False,4,2003,1961,45,1024
M001151,"Murphy, Tim",False,8,2003,1952,152,1734
G000549,"Gerlach, Jim",False,6,2003,1955,135,1771
B001242,"Bishop, Timothy H.",False,6,2003,1950,127,2382
P000589,"Porter, Jon C.",False,3,2003,1955,59,738
P000588,"Pearce, Stevan",False,7,2003,1947,186,1728
G000548,"Garrett, Scott",False,7,2003,1959,237,1734
B001246,"Bradley, Jeb",False,2,2003,1952,43,496
M001154,"Miller, Brad",False,5,2003,1953,48,1401
B001238,"Ballance, Frank W.,  Jr.",False,1,2003,1942,8,208
K000363,"Kline, John",False,7,2003,1947,73,1985
M001147,"McCotter, Thaddeus G.",False,5,2003,1965,83,2780
M001150,"Miller, Candice S.",False,7,2003,1954,93,1598
M001149,"Michaud, Michael H.",False,6,2003,1955,121,2987
A000361,"Alexander, Rodney",False,6,2003,1946,46,1394
C001052,"Chocola, Chris",False,2,2003,1962,21,312
E000287,"Emanuel, Rahm",False,3,2003,1959,87,1190
K000362,"King, Steve",False,9,2003,1949,315,2194
B001245,"Bordallo, Madeleine Z.",False,8,2003,1933,135,3531
B001249,"Burns, Max",False,1,2003,1948,18,188
G000550,"Gingrey, Phil",False,6,2003,1942,198,1698
M001145,"Majette, Denise L.",False,1,2003,1955,1,214
M001146,"Marshall, Jim",False,4,2003,1948,39,1141
F000447,"Feeney, Tom",False,3,2003,1958,36,975
M001148,"Meek, Kendrick B.",False,4,2003,1966,84,1228
H001035,"Harris, Katherine",False,2,2003,1957,25,551
B001247,"Brown-Waite, Ginny",False,4,2003,1943,105,1316
B001240,"Beauprez, Bob",False,2,2003,1948,31,476
M001152,"Musgrave, Marilyn N.",False,3,2003,1949,73,1079
C001050,"Cardoza, Dennis A.",False,5,2003,1959,103,1370
F000448,"Franks, Trent",False,8,2003,1957,116,2690
R000574,"Renzi, Rick",False,3,2003,1958,67,695
D000602,"Davis, Artur",False,4,2003,1967,55,1018
B001244,"Bonner, Jo",False,6,2003,1959,75,998
P000590,"Pryor, Mark L.",False,6,2003,1963,388,1433
N000182,"Neugebauer, Randy",False,7,2003,1949,111,1646
D000601,"Dole, Elizabeth",False,3,2003,1936,152,796
C001057,"Coleman, Norm",False,3,2003,1949,338,1222
A000360,"Alexander, Lamar",False,9,2003,1940,438,1759
B001237,"Barkley, Dean M.",False,1,2002,1950,1,2
S001155,"Sullivan, John",False,6,2002,1965,72,967
M001144,"Miller, Jeff",False,8,2001,1959,149,2785
F000445,"Forbes, J. Randy",False,8,2001,1952,119,1961
W000794,"Watson, Diane E.",False,5,2001,1933,84,2332
S001154,"Shuster, Bill",False,9,2001,1961,108,1585
A000359,"Acevedo-Vila, Anibal",False,2,2001,1962,38,465
C001046,"Cantor, Eric",False,7,2001,1963,81,1155
S001151,"Schrock, Edward L.",False,2,2001,1941,10,466
D000597,"Davis, Jo Ann",False,4,2001,1950,107,1232
M001142,"Matheson, Jim",False,7,2001,1960,107,1473
C001048,"Culberson, John Abney",False,9,2001,1956,94,1812
B001235,"Brown, Henry E., Jr.",False,5,2001,1935,126,1367
P000585,"Platts, Todd Russell",False,6,2001,1962,118,2562
H001033,"Hart, Melissa A.",False,3,2001,1962,59,1094
C001044,"Carson, Brad",False,2,2001,1967,24,503
T000462,"Tiberi, Patrick J.",False,9,2001,1962,109,1914
I000057,"Israel, Steve",False,8,2001,1958,336,3301
G000547,"Grucci, Felix J., Jr.",False,1,2001,1951,11,323
F000443,"Ferguson, Mike",False,4,2001,1970,68,775
O000165,"Osborne, Tom",False,3,2001,1937,39,567
A000358,"Akin, W. Todd",False,6,2001,1947,58,1580
C001049,"Clay, Wm. Lacy",False,10,2001,1956,180,4154
K000358,"Kennedy, Mark R.",False,3,2001,1957,67,678
R000572,"Rogers, Mike J.",False,7,2001,1963,129,1463
K000359,"Kerns, Brian D.",False,1,2001,1957,4,186
P000587,"Pence, Mike",False,6,2001,1959,103,1657
J000285,"Johnson, Timothy V.",False,6,2001,1946,47,1029
O000166,"Otter, C. L. (Butch)",False,3,2001,1942,56,801
P000586,"Putnam, Adam H.",False,5,2001,1974,87,1050
K000361,"Keller, Ric",False,4,2001,1964,46,688
C001045,"Crenshaw, Ander",False,8,2001,1944,39,1166
S001152,"Simmons, Rob",False,3,2001,1943,88,1221
D000598,"Davis, Susan A.",False,10,2001,1944,235,3505
H001034,"Honda, Michael M.",False,8,2001,1941,213,4938
F000444,"Flake, Jeff",False,9,2001,1962,809,1528
R000573,"Ross, Mike",False,6,2001,1961,93,1992
C001042,"Corzine, Jon S.",False,3,2001,1947,241,1523
N000180,"Nelson, Ben",False,6,2001,1941,291,1126
D000596,"Dayton, Mark",False,3,2001,1947,186,1143
V000087,"Vento, Bruce F.",False,12,1977,1940,324,5277
M001141,"Miller, Zell",False,3,2000,1932,63,699
B000229,"Bateman, Herbert H.",False,9,1983,1928,87,2295
B001234,"Baca, Joe",False,7,1999,1947,219,2402
C001040,"Chafee, Lincoln",False,4,1999,1953,66,883
C000868,"Cramer, Robert E. (Bud), Jr.",False,9,1991,1947,34,2007
C000858,"Craig, Larry E.",False,14,1981,1945,619,3663
C000846,"Coyne, William J.",False,11,1981,1936,123,2603
C000830,"Cox, Christopher",False,9,1989,1952,179,1991
C000794,"Costello, Jerry F.",False,13,1987,1949,75,3248
C000714,"Conyers, John, Jr.",False,27,1965,1929,800,10762
C000670,"Condit, Gary A.",False,7,1989,1948,103,1490
C000653,"Combest, Larry",False,10,1985,1945,67,1230
C000640,"Collins, Mac",False,6,1993,1944,114,916
C000560,"Coburn, Tom",False,8,1995,1948,1124,1917
C000556,"Coble, Howard",False,15,1985,1931,329,3405
C000542,"Coats, Daniel",False,12,1981,1943,427,2837
C000503,"Clement, Bob",False,8,1987,1943,66,2143
C000494,"Clayton, Eva M.",False,6,1991,1934,39,1537
C000488,"Clay, William (Bill)",False,16,1969,1931,241,3416
C000345,"Chenoweth-Hage, Helen",False,3,1995,1938,49,631
C000286,"Chambliss, Saxby",False,10,1995,1943,467,2611
C000243,"Castle, Michael N.",False,9,1993,1939,299,1502
C000107,"Canady, Charles T.",False,4,1993,1954,57,1068
C000100,"Campbell, Tom",False,5,1989,1952,152,1120
C000077,"Campbell, Ben Nighthorse",False,9,1987,1933,460,2158
C000071,"Camp, Dave",False,12,1991,1953,214,2365
C000052,"Callahan, Sonny",False,9,1985,1932,61,1657
B001203,"Buyer, Steve",False,9,1993,1958,145,1093
B001149,"Burton, Dan",False,15,1983,1938,470,6136
B001066,"Bunning, Jim",False,12,1987,1931,323,2471
B000996,"Bryant, Ed",False,4,1995,1948,40,662
B000953,"Brownback, Sam",False,9,1995,1956,736,1932
B000918,"Brown, George E., Jr.",False,18,1963,1920,430,5204
B000911,"Brown, Corrine",False,12,1993,1946,115,4748
B000400,"Bentsen, Ken",False,4,1995,1959,43,939
B000287,"Becerra, Xavier",False,13,1993,1958,130,1962
B000243,"Baucus, Max",False,20,1975,1941,1832,4951
B000220,"Bass, Charles F.",False,7,1995,1952,80,912
B000213,"Barton, Joe",False,17,1985,1949,224,2811
B000208,"Bartlett, Roscoe G.",False,10,1993,1926,148,3434
B000177,"Barrett, Thomas M.",False,5,1993,1953,50,1687
B000179,"Barrett, Bill",False,5,1991,1929,42,850
B000169,"Barr, Bob",False,4,1995,1948,102,868
B000134,"Barcia, James A.",False,5,1993,1952,38,1183
B000104,"Ballenger, Cass",False,10,1985,1926,91,2257
B000081,"Baldacci, John Elias",False,4,1995,1955,44,1328
B000072,"Baker, Richard H.",False,11,1987,1948,180,2670
B000013,"Bachus, Spencer",False,11,1993,1947,124,2896
A000217,"Armey, Richard K.",False,9,1985,1940,246,1960
A000215,"Archer, Bill",False,15,1971,1928,384,1761
A000210,"Andrews, Robert E.",False,13,1989,1957,701,3857
A000121,"Allen, George",False,4,1991,1952,212,1111
A000109,"Allard, Wayne",False,9,1991,1943,457,1737
A000069,"Akaka, Daniel K.",False,19,1977,1924,794,5331
A000022,"Ackerman, Gary L.",False,15,1983,1942,264,7056
A000014,"Abercrombie, Neil",False,11,1985,1938,133,4342
F000116,"Filner, Bob",False,10,1993,1942,424,6938
F000043,"Fattah, Chaka",False,11,1995,1956,134,3443
F000030,"Farr, Sam",False,12,1993,1941,147,4705
F000010,"Faleomavaega, Eni F. H.",False,13,1989,1943,165,3566
E000282,"Ewing, Thomas W.",False,5,1991,1935,54,1058
E000250,"Evans, Lane",False,12,1983,1951,212,6875
E000194,"Ensign, John",False,8,1995,1958,633,1549
E000187,"English, Phil",False,7,1995,1956,393,3747
E000179,"Engel, Eliot L.",False,16,1989,1947,528,7236
E000093,"Ehrlich, Robert L., Jr.",False,4,1995,1957,28,740
E000092,"Ehlers, Vernon J.",False,9,1993,1934,135,2065
E000063,"Edwards, Chet",False,10,1991,1951,76,1411
D000549,"Dunn, Jennifer",False,6,1993,1941,90,1250
D000533,"Duncan, John J., Jr.",False,16,1987,1947,271,3732
D000492,"Dreier, David",False,16,1981,1952,389,2429
D000432,"Dorgan, Byron L.",False,16,1981,1942,1092,4118
D000429,"Doolittle, John T.",False,9,1991,1950,134,2858
D000424,"Dooley, Calvin M.",False,7,1991,1954,40,1272
D000388,"Dodd, Christopher J.",False,18,1975,1944,1455,6015
D000373,"Dixon, Julian C.",False,12,1979,1934,86,3251
D000355,"Dingell, John D.",False,30,1955,1926,685,3309
D000327,"Dicks, Norman D.",False,18,1977,1940,194,3231
D000312,"Dickey, Jay",False,4,1993,1939,32,815
D000299,"Diaz-Balart, Lincoln",False,9,1993,1954,173,1883
D000275,"Deutsch, Peter",False,6,1993,1957,61,1759
D000168,"Deal, Nathan",False,9,1993,1942,94,1706
D000136,"Davis, Tom",False,7,1995,1949,222,1631
D000046,"Danner, Pat",False,4,1993,1934,19,931
C000994,"Cunningham, Randy (Duke)",False,8,1991,1941,121,2044
C000984,"Cummings, Elijah E.",False,13,1995,1951,225,5058
C000962,"Cubin, Barbara",False,7,1995,1946,104,1368
C000873,"Crane, Philip M.",False,18,1969,1930,797,2761
L000554,"LoBiondo, Frank A.",False,12,1995,1946,126,2860
L000371,"Livingston, Bob",False,12,1977,1943,147,2570
L000342,"Lipinski, William O.",False,11,1983,1937,138,5055
L000321,"Linder, John",False,9,1993,1942,199,1432
L000293,"Lewis, Ron",False,8,1993,1946,85,1629
L000287,"Lewis, John",False,17,1987,1940,371,8198
L000274,"Lewis, Jerry",False,17,1979,1934,157,2919
L000263,"Levin, Sander M.",False,18,1983,1931,217,5493
L000169,"Leach, James A.",False,15,1977,1942,341,3554
L000155,"Lazio, Rick",False,4,1993,1958,91,656
L000553,"LaTourette, Steven C.",False,9,1995,1954,151,2350
L000111,"Latham, Tom",False,10,1995,1948,103,1924
L000096,"Largent, Steve",False,5,1993,1954,17,729
L000090,"Lantos, Tom",False,14,1981,1928,360,6491
L000552,"LaHood, Ray",False,7,1995,1945,103,1800
L000556,"LaFalce, John J.",False,14,1975,1939,580,4464
K000352,"Kyl, Jon",False,14,1987,1942,774,2517
K000288,"Knollenberg, Joe",False,8,1993,1933,101,1251
K000270,"Klink, Ron",False,4,1993,1951,64,804
K000259,"Kleczka, Gerald D.",False,11,1983,1943,130,2665
K000220,"Kingston, Jack",False,11,1993,1955,103,2194
K000210,"King, Peter T.",False,14,1993,1944,400,4663
K000172,"Kildee, Dale E.",False,18,1977,1929,283,7074
K000113,"Kennedy, Patrick J.",False,8,1995,1967,175,2984
K000078,"Kelly, Sue W.",False,6,1995,1936,157,1950
K000016,"Kasich, John R.",False,9,1983,1952,130,2048
K000008,"Kanjorski, Paul E.",False,13,1985,1937,258,2554
J000255,"Jones, Walter B., Jr.",False,13,1995,1943,288,5018
J000177,"Johnson, Tim",False,14,1987,1946,463,5590
J000174,"Johnson, Sam",False,14,1991,1930,278,2917
J000163,"Johnson, Nancy L.",False,12,1983,1935,329,3628
J000072,"Jeffords, James M.",False,16,1975,1934,912,5658
J000070,"Jefferson, William J.",False,9,1991,1947,124,3861
J000283,"Jackson, Jesse L., Jr.",False,9,1995,1965,114,3133
I000047,"Istook, Ernest J., Jr.",False,7,1993,1950,79,826
I000026,"Inslee, Jay",False,8,1993,1951,171,2092
I000023,"Inglis, Bob",False,6,1993,1959,83,1270
H001022,"Hyde, Henry J.",False,16,1975,1924,466,5086
H001015,"Hutchinson, Tim",False,5,1993,1949,243,1505
H000981,"Hunter, Duncan",False,14,1981,1948,323,2970
H000814,"Houghton, Amo",False,9,1987,1926,145,1731
H000807,"Hostettler, John N.",False,6,1995,1961,55,1229
H000789,"Horn, Stephen",False,5,1993,1931,67,1462
H000712,"Holden, Tim",False,10,1993,1957,97,3265
H000676,"Hoekstra, Peter",False,9,1993,1953,174,1787
H000666,"Hobson, David L.",False,9,1991,1936,52,1366
H000627,"Hinchey, Maurice D.",False,10,1993,1938,207,6113
H000621,"Hilliard, Earl F.",False,5,1993,1942,31,1647
H000615,"Hilleary, Van",False,4,1995,1959,19,712
H000528,"Herger, Wally",False,13,1987,1945,216,3465
H000444,"Hefley, Joel",False,10,1987,1935,295,1817
H000413,"Hayworth, J. D.",False,6,1995,1958,154,1704
H000329,"Hastings, Doc",False,10,1995,1941,304,1388
H000323,"Hastert, J. Dennis",False,11,1987,1942,67,1865
H000206,"Harkin, Tom",False,20,1975,1939,1400,5170
H000172,"Hansen, James V.",False,11,1981,1932,193,2449
H000074,"Hall, Tony P.",False,12,1979,1942,231,2351
H000067,"Hall, Ralph M.",False,17,1981,1923,151,4051
G000536,"Gutknecht, Gil",False,6,1995,1951,48,960
G000535,"Gutierrez, Luis V.",False,13,1993,1953,188,5184
G000445,"Gregg, Judd",False,13,1981,1947,528,2125
G000439,"Greenwood, James C.",False,6,1993,1951,117,1555
G000410,"Green, Gene",False,13,1993,1947,315,5124
G000367,"Grams, Rod",False,4,1993,1948,185,902
G000365,"Gramm, Phil",False,12,1979,1942,887,1831
G000336,"Goss, Porter J.",False,8,1989,1938,236,1695
G000309,"Gordon, Bart",False,13,1985,1949,229,4395
G000291,"Goodling, William F.",False,13,1975,1927,363,2850
G000289,"Goodlatte, Bob",False,13,1993,1952,234,2755
G000212,"Gilman, Benjamin A.",False,15,1973,1922,671,5753
G000210,"Gillmor, Paul E.",False,10,1989,1939,112,2023
G000180,"Gilchrest, Wayne T.",False,9,1991,1946,132,2103
G000132,"Gephardt, Richard A.",False,14,1977,1941,302,1869
G000121,"Gekas, George W.",False,10,1983,1930,254,2073
G000120,"Gejdenson, Sam",False,10,1981,1948,213,3691
G000041,"Ganske, Greg",False,4,1995,1949,28,405
G000021,"Gallegly, Elton",False,13,1987,1944,263,3268
F000392,"Frost, Martin",False,13,1979,1942,269,8918
F000372,"Frelinghuysen, Rodney P.",False,12,1995,1946,169,1448
F000349,"Franks, Bob",False,4,1993,1951,118,852
F000339,"Frank, Barney",False,16,1981,1940,797,10258
F000328,"Fowler, Tillie",False,4,1993,1942,47,852
F000257,"Forbes, Michael P.",False,3,1995,1952,52,859
F000238,"Foley, Mark",False,6,1995,1954,149,2362
